date,mels_S,lig_S,mels_N,hvac_N,hvac_S,Unnamed: 6,,,,,,,,,,,,,,,,,,
2018/1/1,110.600001,44.85000007,807.5500002,3444.670029,1880.010003,0,,,,,,,,,,,,,,,,,,
2018/1/2,302.4250002,197.2749992,1156.225004,4121.630019,2264.669996,0,,,,,,,,,,,,,,,,,,
2018/1/3,363.8749995,255.4750032,973.7699976,4158.550021,2139.14,0,,,,,,,,,,,,,,,,,,
2018/1/4,361.9400005,223.6400024,1126.944997,4143.140018,2259.229999,0,,,,,,,,,,,,,,,,,,
2018/1/5,322.440001,240.7900044,917.8299855,4322.150008,1907.930001,0,,,,,,,,,,,,,,,,,,
2018/1/6,132.6999998,49.05000049,668.7700066,3748.59,2005.19,0,,,,,,,,,,,,,,,,,,
2018/1/7,132.4000002,21.20000053,608.0650032,3522.9,1788.33,0,,,,,,,,,,,,,,,,,,
2018/1/8,257.9149989,209.3150044,919.2099981,4177.45,2145.89,0,,,,,,2018,2019,2020,,,2018,2019,2020,,,2018,2019,2020
2018/1/9,404.0050059,186.405,956.5849846,4038.55,2207.58,0,,,,,hvac_N,1194993.727,630267.5964,330128.3869,,hvac,1913722.116,1011657.756,1231803.487,,hvac,74.87497396,60.55614083,88.15216556
2018/1/10,278.3900001,182.625002,1029.400002,4142.44,2210.82,0,,,,,hvac_S,718728.3896,381390.16,901675.0997,,mels,527076.495,524818.0463,114190.9466,,mels,20.62203206,31.41473025,8.171903506
2018/1/11,276.5349949,188.3800023,1440.085037,4216.54,2384.86,0,,,,,mels_N,408483.4122,411919.3209,80645.31855,,lig,115091.5815,134135.5384,51366.00462,,ligs,4.502993981,8.029128923,3.675930936
2018/1/12,335.7799976,284.5450057,774.7500054,4255.39,2274.7,0,,,,,mels_S,118593.0828,112898.7254,33545.62806,,total,2555890.193,1670611.341,1397360.438,,,,,
2018/1/13,150.09,72.34000086,884.5500004,3566.01,1626.85,0,,,,,lig_N,57545.79077,67067.76919,25683.00231,,,,,,,,,,
2018/1/14,133.2499997,39.64999958,851.9999998,3555.91,1271.79,0,,,,,lig_S,57545.79077,67067.76919,25683.00231,,,,,,,,,,
2018/1/15,101.8499996,34.07000028,473.4149978,3617.03,1985.71,0,,,,,,,,,,,,,,,,,,
2018/1/16,263.0071402,117.4621447,839.3505266,4373.12,2234.5,0,,,,,,,,,,,,,,,,,,
2018/1/17,417.0828563,144.587855,828.4479978,4489.88,2266.94,0,,,,,,,,,,,,,,,,,,
2018/1/18,324.998333,245.850003,932.9221811,4343.57,2184.09,0,,,,,,,,,,,,,,,,,,
2018/1/19,285.9814862,164.155003,845.2692952,4163.67,2050.47,0,,,,,,,,,,,,,,,,,,
2018/1/20,148.235185,54.50000034,825.3349941,3508.12,1700.41,0,,,,,,,,,,,,,,,,,,
2018/1/21,139.9499997,14.1000002,753.1849958,2737.51,2039.98,0,,,,,,,,,,,,,,,,,,
2018/1/22,177.7040898,138.3428575,854.515285,2694.13,2408.92,0,,,,,,,,,,,,,,,,,,
2018/1/23,380.9909087,179.667146,1198.85971,3257.89,2624.745,0,,,,,,,,,,,,,,,,,,
2018/1/24,385.9399989,266.6900047,1177.235012,5011.05,2113.73,0,,,,,,,,,,,,,,,,,,
2018/1/25,449.8249956,199.4700008,1262.904978,4434.54,2111.3,0,,,,,,,,,,,,,,,,,,
2018/1/26,452.7399986,236.6900029,1239.005006,4563.13,2125.76,0,,,,,,,,,,,,,,,,,,
2018/1/27,175.5900005,75.58000169,821.6149972,3765.435,1802.225,0,,,,,,,,,,,,,,,,,,
2018/1/28,135.3000009,14.55000021,655.0599992,4141.56,1953.55,0,,,,,,,,,,,,,,,,,,
2018/1/29,298.5000051,202.2100015,839.9950054,4477.48,2420.77,0,,,,,,,,,,,,,,,,,,
2018/1/30,354.8399996,202.7250011,1151.609999,4384.65,2301.77,0,,,,,,,,,,,,,,,,,,
2018/1/31,370.3199983,218.6250022,1203.244995,4603.26,2601.89,0,,,,,,,,,,,,,,,,,,
2018/2/1,373.879997,232.2800012,1346.94,4408.26,2798.98,0,,,,,,,,,,,,,,,,,,
2018/2/2,383.2500022,186.5999993,1174.174988,4077.6,3051.82,0,,,,,,,,,,,,,,,,,,
2018/2/3,202.8699996,91.93500098,778.7000002,3597.24,2524.05,0,,,,,,,,,,,,,,,,,,
2018/2/4,180.139998,14.90000022,676.8899914,4246.03,2895.55,0,,,,,,,,,,,,,,,,,,
2018/2/5,323.3000061,129.9999986,731.4450009,4600.73,2926.34,0,,,,,,,,,,,,,,,,,,
2018/2/6,617.2300089,353.0299981,2031.239989,5480.53,2930.57,0,,,,,,,,,,,,,,,,,,
2018/2/7,573.489992,404.6950053,1553.109992,3970.57,2374.05,0,,,,,,,,,,,,,,,,,,
2018/2/8,360.5999913,202.7200034,1191.900004,4438.15,3003.86,0,,,,,,,,,,,,,,,,,,
2018/2/9,241.4354375,105.3985708,915.5834678,4338.8325,2977.621818,0,,,,,,,,,,,,,,,,,,
2018/2/10,192.7211031,23.17142865,923.2198511,3706.0375,1972.448182,0,,,,,,,,,,,,,,,,,,
2018/2/11,198.9734622,16.10000023,795.8766721,3672.42,1597.88,0,,,,,,,,,,,,,,,,,,
2018/2/12,298.4599965,191.4200043,879.1799972,4527.03,2168.77,0,,,,,,,,,,,,,,,,,,
2018/2/13,314.9750006,227.6499957,845.2149957,4130.71,1504.73,0,,,,,,,,,,,,,,,,,,
2018/2/14,207.3749961,192.0416672,823.5986991,4307.438889,2179.56,0,,,,,,,,,,,,,,,,,,
2018/2/15,289.1199965,256.283332,955.0262948,4191.431111,1919.17,0,,,,,,,,,,,,,,,,,,
2018/2/16,347.0050036,191.5300011,1018.889997,4176.67,2172.65,0,,,,,,,,,,,,,,,,,,
2018/2/17,172.1249992,52.29000027,768.2299924,3860.29,2055.86,0,,,,,,,,,,,,,,,,,,
2018/2/18,153.3999963,19.20000029,776.4699836,3704.25,1440.03,0,,,,,,,,,,,,,,,,,,
2018/2/19,139.849997,24.28000018,791.2100053,3595.43,1225.71,0,,,,,,,,,,,,,,,,,,
2018/2/20,272.5219996,180.7899994,865.2766714,4238.4,1780.93,0,,,,,,,,,,,,,,,,,,
2018/2/21,338.863252,185.9356166,1237.773324,4520.35,1901.65,0,,,,,,,,,,,,,,,,,,
2018/2/22,364.4050586,189.7911923,1398.774244,4617.168261,1320.356957,0,,,,,,,,,,,,,,,,,,
2018/2/23,276.2982476,182.2531914,1045.757364,4273.371739,1523.313043,0,,,,,,,,,,,,,,,,,,
2018/2/24,181.1514249,44.69999961,961.8683889,3611.98,1592.96,0,,,,,,,,,,,,,,,,,,
2018/2/25,165.189999,15.55000023,830.6099904,3750.56,1576.48,0,,,,,,,,,,,,,,,,,,
2018/2/26,166.4649995,117.9400013,831.5499973,3838.92,1467.02,0,,,,,,,,,,,,,,,,,,
2018/2/27,0,0,0,0,0,0,,,,,,,,,,,,,,,,,,
2018/2/28,0,0,0,0,0,0,,,,,,,,,,,,,,,,,,
2018/3/1,380.1050018,241.6050017,1574.950007,4089.08,999.75,0,,,,,,,,,,,,,,,,,,
2018/3/2,382.7099986,232.3533366,1227.049995,3963.35,1380.08,0,,,,,,,,,,,,,,,,,,
2018/3/3,193.2449999,90.67666726,1020.389996,3779.57,1555.68,0,,,,,,,,,,,,,,,,,,
2018/3/4,174.0499998,36.70000038,856.4500008,3787.05,1656.94,0,,,,,,,,,,,,,,,,,,
2018/3/5,368.5249989,190.4650025,1248.119999,4141.79,1327.98,0,,,,,,,,,,,,,,,,,,
2018/3/6,380.2650008,221.4899998,1293.779999,4628.92,1631.37,0,,,,,,,,,,,,,,,,,,
2018/3/7,340.9899986,224.5600028,1285.659996,4428.28,2162.19,0,,,,,,,,,,,,,,,,,,
2018/3/8,357.1599995,215.1400007,1313.189998,4141.61,2180.48,0,,,,,,,,,,,,,,,,,,
2018/3/9,352.5149973,194.9800006,1285.489992,4237.37,2163.36,0,,,,,,,,,,,,,,,,,,
2018/3/10,175.4800008,67.08500054,995.0300002,4015.4,2062.76,0,,,,,,,,,,,,,,,,,,
2018/3/11,165.0000001,23.95000037,874.6499982,4098.68,2133.07,0,,,,,,,,,,,,,,,,,,
2018/3/12,389.8250003,197.2300019,1294.090005,1134.99,627.97,0,,,,,,,,,,,,,,,,,,
2018/3/13,411.5550008,244.3600039,1385.549997,0,0,0,,,,,,,,,,,,,,,,,,
2018/3/14,351.449999,226.850001,1346.434997,0,0,0,,,,,,,,,,,,,,,,,,
2018/3/15,365.3200039,231.5699992,1570.739993,0,0,0,,,,,,,,,,,,,,,,,,
2018/3/16,379.139998,217.7250014,1410.419995,0,0,0,,,,,,,,,,,,,,,,,,
2018/3/17,188.296666,52.41666695,1069.77,0,0,0,,,,,,,,,,,,,,,,,,
2018/3/18,158.308334,19.43333361,932.2499924,0,0,0,,,,,,,,,,,,,,,,,,
2018/3/19,350.8650015,185.0499992,1431.369988,3254.58,1512.2,0,,,,,,,,,,,,,,,,,,
2018/3/20,374.1627633,232.6491386,1333.163323,4477.68,1815.053333,0,,,,,,,,,,,,,,,,,,
2018/3/21,362.6422432,242.585866,1250.966666,3979.29,1687.101667,0,,,,,,,,,,,,,,,,,,
2018/3/22,333.3350008,224.4450015,1482.589994,3920.22,1040.32,0,,,,,,,,,,,,,,,,,,
2018/3/23,378.7549996,224.3650027,1258.389996,4082.84,1496.75,0,,,,,,,,,,,,,,,,,,
2018/3/24,181.4999998,50.29000039,921.9499979,3615.16,1080.55,0,,,,,,,,,,,,,,,,,,
2018/3/25,173.8999993,25.15000026,883.3533354,3666.34,1466.97,0,,,,,,,,,,,,,,,,,,
2018/3/26,386.4499997,185.9900004,1468.676665,4199.8,1875.66,0,,,,,,,,,,,,,,,,,,
2018/3/27,363.0700003,194.8899995,1456.31,4550.36,2521.32,0,,,,,,,,,,,,,,,,,,
2018/3/28,404.2099985,211.3800019,1299.239989,4524.95,2581.54,0,,,,,,,,,,,,,,,,,,
2018/3/29,385.7300005,192.38,1253.049998,4593.58,3131.94,0,,,,,,,,,,,,,,,,,,
2018/3/30,345.8599989,194.5000002,1169.729998,4553.74,3128.42,0,,,,,,,,,,,,,,,,,,
2018/3/31,149.3275865,50.4000003,979.9824069,3993.486897,2477.847586,0,,,,,,,,,,,,,,,,,,
2018/4/1,156.0724121,36.99999985,995.2825787,3796.133103,1898.492414,0,,,,,,,,,,,,,,,,,,
2018/4/2,363.3700001,185.0700015,1350.640003,4058.75,1833.56,0,,,,,,,,,,,,,,,,,,
2018/4/3,380.0799985,227.8500019,1348.379988,3480.55,1120.21,0,,,,,,,,,,,,,,,,,,
2018/4/4,376.7800019,220.720001,1379.950001,3226.9,1338.82,0,,,,,,,,,,,,,,,,,,
2018/4/5,370.0600002,213.8200024,1372.359994,3601.84,909.13,0,,,,,,,,,,,,,,,,,,
2018/4/6,342.1700015,210.2000027,1217.56,3568.1,623.27,0,,,,,,,,,,,,,,,,,,
2018/4/7,155.7000001,61.78000006,908.999999,3157.99,358.29,0,,,,,,,,,,,,,,,,,,
2018/4/8,148.8999999,31.00000029,858.0699964,3139.56,495.93,0,,,,,,,,,,,,,,,,,,
2018/4/9,364.3274991,188.766252,1228.29562,4036.8,1649.1,0,,,,,,,,,,,,,,,,,,
2018/4/10,384.2124988,227.5837525,1392.629361,3601.755,1501.79,0,,,,,,,,,,,,,,,,,,
2018/4/11,292.0400007,204.9999985,1333.609992,3326.4,887.86,0,,,,,,,,,,,,,,,,,,
2018/4/12,279.5549986,180.7200013,1299.159993,3612.8,1142.93,0,,,,,,,,,,,,,,,,,,
2018/4/13,327.8300005,190.6850016,1317.374992,4238.66,1917.165,0,,,,,,,,,,,,,,,,,,
2018/4/14,143.1999999,59.89999983,951.8499947,4131.95,2324.67,0,,,,,,,,,,,,,,,,,,
2018/4/15,136.1999996,50.74999995,822.6999974,3745.72,1474.07,0,,,,,,,,,,,,,,,,,,
2018/4/16,333.3349982,172.6650006,1204.809998,3957.26,1650.48,0,,,,,,,,,,,,,,,,,,
2018/4/17,403.2514247,211.5437683,1468.319993,4244.9132,1887.994,0,,,,,,,,,,,,,,,,,,
2018/4/18,654.0285535,380.2912283,2171.429997,5164.0368,1351.376,0,,,,,,,,,,,,,,,,,,
2018/4/19,349.6050019,206.0899987,1366.280008,4217.88,1918.525,0,,,,,,,,,,,,,,,,,,
2018/4/20,329.2399994,188.4499997,1158.500008,4365.31,2280.055,0,,,,,,,,,,,,,,,,,,
2018/4/21,163.4000002,34.9000001,913.940002,4031.94,2253.05,0,,,,,,,,,,,,,,,,,,
2018/4/22,151.3000009,18.30000015,867.7700047,4242.48,2518.095,0,,,,,,,,,,,,,,,,,,
2018/4/23,374.5099999,177.2100014,1252.139997,4378.94,2492.075,0,,,,,,,,,,,,,,,,,,
2018/4/24,402.5900014,177.5749995,1290.484997,3858.78,1891.18,0,,,,,,,,,,,,,,,,,,
2018/4/25,384.9050015,234.080002,1359.489998,4096.09,1821.66,0,,,,,,,,,,,,,,,,,,
2018/4/26,355.0333348,211.9750006,1529.999998,3932.06,1361.42,0,,,,,,,,,,,,,,,,,,
2018/4/27,365.9816662,188.0250017,1249.939993,3563.52,938.34,0,,,,,,,,,,,,,,,,,,
2018/4/28,155.4999999,66.55000028,996.7000036,3516.33,1457.2,0,,,,,,,,,,,,,,,,,,
2018/4/29,148.1499993,25.55000042,885.539998,3574.56,1376.42,0,,,,,,,,,,,,,,,,,,
2018/4/30,362.165,196.3150011,1313.339991,4069.75,1970.06,0,,,,,,,,,,,,,,,,,,
2018/5/1,376.05,218.0100029,1383.850001,4173.73,2031.85,0,,,,,,,,,,,,,,,,,,
2018/5/2,366.2400011,230.9400014,1301.279997,4036.26,1647.66,0,,,,,,,,,,,,,,,,,,
2018/5/3,362.3750007,237.835003,1379.489998,3849.56,1623.79,0,,,,,,,,,,,,,,,,,,
2018/5/4,359.3199989,202.1150004,1237.899997,4248.48,2189.49,0,,,,,,,,,,,,,,,,,,
2018/5/5,163.55,61.97000053,992.7999978,3704.68,1902.56,0,,,,,,,,,,,,,,,,,,
2018/5/6,161.4,13.55000018,873.5900006,3561.72,1333.31,0,,,,,,,,,,,,,,,,,,
2018/5/7,374.1599993,176.2999994,1334.999999,4139.04,2336.74,0,,,,,,,,,,,,,,,,,,
2018/5/8,200.9299992,116.4400009,924.2699957,2835.35,1620.8,0,,,,,,,,,,,,,,,,,,
2018/5/9,0,0,0,0,0,0,,,,,,,,,,,,,,,,,,
2018/5/10,279.0400012,167.59,1064.071669,3573.62,1936.72,0,,,,,,,,,,,,,,,,,,
2018/5/11,402.1080038,223.7299943,1392.93337,3529.336,2770.368,0,,,,,,,,,,,,,,,,,,
2018/5/12,200.1819998,55.55000063,945.4499887,3344.404,2318.182,0,,,,,,,,,,,,,,,,,,
2018/5/13,179.8999975,18.19999997,879.4599977,3420.42,1258.59,0,,,,,,,,,,,,,,,,,,
2018/5/14,380.4399996,205.4600006,1232.439999,3877.32,1351.21,0,,,,,,,,,,,,,,,,,,
2018/5/15,436.8500004,211.7800009,1480.739999,3716.79,1101.99,0,,,,,,,,,,,,,,,,,,
2018/5/16,393.3499992,217.7350007,1263.269993,3811.15,1537.29,0,,,,,,,,,,,,,,,,,,
2018/5/17,409.349999,220.8500009,1395.654994,3961.73,2000.44,0,,,,,,,,,,,,,,,,,,
2018/5/18,363.5800025,190.2399976,1402.179992,3212.05,1272.47,0,,,,,,,,,,,,,,,,,,
2018/5/19,175.6999997,36.60000015,997.0599937,3153.77,667.03,0,,,,,,,,,,,,,,,,,,
2018/5/20,168.0000001,14.8500002,901.4399967,3324.29,779.33,0,,,,,,,,,,,,,,,,,,
2018/5/21,379.750001,185.1100009,1341.829996,3976.18,1647.8,0,,,,,,,,,,,,,,,,,,
2018/5/22,357.5600007,230.2650022,1303.24999,3641.43,913.4,0,,,,,,,,,,,,,,,,,,
2018/5/23,365.0700001,228.4466676,1330.020001,3704.48,830.34,0,,,,,,,,,,,,,,,,,,
2018/5/24,358.0599997,216.9200005,1505.319998,3838.955,1552.73,0,,,,,,,,,,,,,,,,,,
2018/5/25,325.7900001,222.4433348,1256.340001,3765.76,1249.5,0,,,,,,,,,,,,,,,,,,
2018/5/26,172.9799999,28.84999977,1039.79,3011.4,1584.59,0,,,,,,,,,,,,,,,,,,
2018/5/27,171.6999991,25.15000003,1056.579998,2486.49,2226.96,0,,,,,,,,,,,,,,,,,,
2018/5/28,174.1999992,39.2500008,998.3799953,2966.99,2799.28,0,,,,,,,,,,,,,,,,,,
2018/5/29,398.803226,183.450966,1527.523218,3277.314516,3237.907419,0,,,,,,,,,,,,,,,,,,
2018/5/30,835.676757,404.7040346,2191.966806,2322.335484,3363.512581,0,,,,,,,,,,,,,,,,,,
2018/5/31,428.6299986,218.4000009,1444.149999,2410.02,2098.4,0,,,,,,,,,,,,,,,,,,
2018/6/1,407.0399969,200.0400017,1250.419996,2813.08,2715,0,,,,,,,,,,,,,,,,,,
2018/6/2,178.1899998,65.73999959,1017.374998,3438,3187.33,0,,,,,,,,,,,,,,,,,,
2018/6/3,165.0999997,20.90000007,987.4399987,3398.62,3219.37,0,,,,,,,,,,,,,,,,,,
2018/6/4,378.8599999,245.1800001,1290.27,3104,2780.46,0,,,,,,,,,,,,,,,,,,
2018/6/5,394.24,205.415,1298.49,2881.04,2256.35,0,,,,,,,,,,,,,,,,,,
2018/6/6,425.41,235.405,1340.63,2442.36,2190.72,0,,,,,,,,,,,,,,,,,,
2018/6/7,425.25,222.889,1463.11,2472.9,2212.83,0,,,,,,,,,,,,,,,,,,
2018/6/8,391.06,229.921,1281.95,3144.17,2631.55,0,,,,,,,,,,,,,,,,,,
2018/6/9,175.09,56.55,1018.51,2329.88,2140.44,0,,,,,,,,,,,,,,,,,,
2018/6/10,160,17.35,974.29,2349.34,2219.55,0,,,,,,,,,,,,,,,,,,
2018/6/11,384.01,174.17,1327.96,3145.28,2860.65,0,,,,,,,,,,,,,,,,,,
2018/6/12,470.61,228.8,1333.29,3742.77,3309.31,0,,,,,,,,,,,,,,,,,,
2018/6/13,417.97,226.13,1356.47,3503.18,3133.06,0,,,,,,,,,,,,,,,,,,
2018/6/14,454.13,216.32,1496.86,3048.93,2491.34,0,,,,,,,,,,,,,,,,,,
2018/6/15,434.31,244.615,1360.16,2339.47,2098.66,0,,,,,,,,,,,,,,,,,,
2018/6/16,218.38,60.13333333,1004.23,1826.47,1659.26,0,,,,,,,,,,,,,,,,,,
2018/6/17,195.94,11.81666667,1041.56,1178.77,1209.4,0,,,,,,,,,,,,,,,,,,
2018/6/18,429.01,186.17,1313.28,2417.18,2360.35,0,,,,,,,,,,,,,,,,,,
2018/6/19,441.44,209.535,1350.5,2722.99,2296.98,0,,,,,,,,,,,,,,,,,,
2018/6/20,451.46,214.105,1439.64,2406.04,2226.33,0,,,,,,,,,,,,,,,,,,
2018/6/21,471.29,218.465,1347.92,2978.76,2528.91,0,,,,,,,,,,,,,,,,,,
2018/6/22,396.14,203.0025,1321.57,3539.64,2913.23,0,,,,,,,,,,,,,,,,,,
2018/6/23,198.52,59.5925,1005.09,3752.52,3588.21,0,,,,,,,,,,,,,,,,,,
2018/6/24,180,16.425,1000.29,2565.97,2308.11,0,,,,,,,,,,,,,,,,,,
2018/6/25,417.44,201.755,1341.68,2414.43,1969,0,,,,,,,,,,,,,,,,,,
2018/6/26,502.01,238.07,1415.63,2910.5,2504.65,0,,,,,,,,,,,,,,,,,,
2018/6/27,455.53,257.765,1429.52,2625.96,2342.61,0,,,,,,,,,,,,,,,,,,
2018/6/28,464.69,232.535,1433.39,2727.97,2394.47,0,,,,,,,,,,,,,,,,,,
2018/6/29,424.77,232.945,1366.31,3233.77,2864.32,0,,,,,,,,,,,,,,,,,,
2018/6/30,212.25,49.6,1115.57,3271.8,3075.55,0,,,,,,,,,,,,,,,,,,
2018/7/1,199.83,18.65,951.66,2260.28,2130.25,0,,,,,,,,,,,,,,,,,,
2018/7/2,437.98,201.51,1391.57,2334.55,2374.81,0,,,,,,,,,,,,,,,,,,
2018/7/3,379.7,233.505,1451.32,2590.66,2379.44,0,,,,,,,,,,,,,,,,,,
2018/7/4,192.14,32.1,969.82,1791.11,1802.12,0,,,,,,,,,,,,,,,,,,
2018/7/5,425.3,168.925,1413.54,2712.97,2436.68,0,,,,,,,,,,,,,,,,,,
2018/7/6,431.2,233.29,1392.25,3311.07,3057.53,0,,,,,,,,,,,,,,,,,,
2018/7/7,207.61,43.785,1181.33,3641.61,3366.03,0,,,,,,,,,,,,,,,,,,
2018/7/8,14.8,0.7,80.2,297.6,265.59,0,,,,,,,,,,,,,,,,,,
2018/7/9,51.58333333,34.68,109.35,388.19,363.8,0,,,,,,,,,,,,,,,,,,
2018/7/10,457.5466667,249.47,1360.485,4130.65,3635.63,0,,,,,,,,,,,,,,,,,,
2018/7/11,443.735,237.02,1344.72,3213.36,2892.63,0,,,,,,,,,,,,,,,,,,
2018/7/12,454.01,238.78,1403.4,2862.73,2552.65,0,,,,,,,,,,,,,,,,,,
2018/7/13,446.65,238.11,1268.975,3080.58,2915.53,0,,,,,,,,,,,,,,,,,,
2018/7/14,233.83,68.99,1090.755,2631.85,2447.94,0,,,,,,,,,,,,,,,,,,
2018/7/15,222.845,11.7,935.79,2294.09,2256.04,0,,,,,,,,,,,,,,,,,,
2018/7/16,447.535,202.62,1260.59,2800.38,2617.06,0,,,,,,,,,,,,,,,,,,
2018/7/17,429.87,238.37,1520.475,2863.39,2730.55,0,,,,,,,,,,,,,,,,,,
2018/7/18,397.04,244.07,1335.06,2948.56,2762.86,0,,,,,,,,,,,,,,,,,,
2018/7/19,437.265,257.14,1487.455,2963.6,2757.97,0,,,,,,,,,,,,,,,,,,
2018/7/20,397.165,241.26,1249.515,2831.4,2604.87,0,,,,,,,,,,,,,,,,,,
2018/7/21,196.965,53.49,1115.39,2557.39,2363.65,0,,,,,,,,,,,,,,,,,,
2018/7/22,189.475,26.49,1010.03,2503.74,2341.72,0,,,,,,,,,,,,,,,,,,
2018/7/23,412.85,206.92,1311.995,3076.5,2654.58,0,,,,,,,,,,,,,,,,,,
2018/7/24,438.135,262.49,1315.87,3237.54,2744.25,0,,,,,,,,,,,,,,,,,,
2018/7/25,402.1566667,253.85,1350.505,3333.15,2994.04,0,,,,,,,,,,,,,,,,,,
2018/7/26,441.8983333,271.84,1419.935,3046.46,2704.24,0,,,,,,,,,,,,,,,,,,
2018/7/27,400.945,247.21,1327.545,2671.39,2512.56,0,,,,,,,,,,,,,,,,,,
2018/7/28,193.365,59.87,989.125,2467.25,2407.26,0,,,,,,,,,,,,,,,,,,
2018/7/29,182.315,20.2,835.47,2300.16,2148.71,0,,,,,,,,,,,,,,,,,,
2018/7/30,457.35,194.41,1294.46,2965.68,2525.78,0,,,,,,,,,,,,,,,,,,
2018/7/31,473.555,240.74,1376.585,2910.48,2570.8,0,,,,,,,,,,,,,,,,,,
2018/8/1,447.805,249.795,1272.045,2656.37,2298.11,0,,,,,,,,,,,,,,,,,,
2018/8/2,465.035,241.88,1279.34,2863.15,2522.16,0,,,,,,,,,,,,,,,,,,
2018/8/3,467.44,237.56,1180.335,3353.19,2912.91,0,,,,,,,,,,,,,,,,,,
2018/8/4,216.925,80.7,1066.755,3876.85,3580.87,0,,,,,,,,,,,,,,,,,,
2018/8/5,207.255,14.1,938.6,2850.05,2691,0,,,,,,,,,,,,,,,,,,
2018/8/6,504.675,191.32,1301.105,3099.16,2847.03,0,,,,,,,,,,,,,,,,,,
2018/8/7,498.8,247.58,1522.44,2931.68,2496.45,0,,,,,,,,,,,,,,,,,,
2018/8/8,449.36,259.99,1314.72,3081.16,2639.73,0,,,,,,,,,,,,,,,,,,
2018/8/9,509.17,273.1,1360.56,3288.26,3019.84,0,,,,,,,,,,,,,,,,,,
2018/8/10,465.65,259.81,1450.58,3216.65,2919.74,0,,,,,,,,,,,,,,,,,,
2018/8/11,218.7,60.89,1121.78,3003.83,2828.39,0,,,,,,,,,,,,,,,,,,
2018/8/12,213.75,12,988.07,2889.83,2743.83,0,,,,,,,,,,,,,,,,,,
2018/8/13,447.86,206.62,1368.77,2860.35,2318.94,0,,,,,,,,,,,,,,,,,,
2018/8/14,489.25,259.85,1653.79,2737.76,2375.79,0,,,,,,,,,,,,,,,,,,
2018/8/15,488.21,265.85,1404.13,2751.14,2244.53,0,,,,,,,,,,,,,,,,,,
2018/8/16,508.74,270.7,1351.7,2845.4,2548.02,0,,,,,,,,,,,,,,,,,,
2018/8/17,443.93,267.48,1387.81,3382.77,2855.54,0,,,,,,,,,,,,,,,,,,
2018/8/18,0,0,0,0,0,0,,,,,,,,,,,,,,,,,,
2018/8/19,0,0,0,0,0,0,,,,,,,,,,,,,,,,,,
2018/8/20,0,0,0,0,0,0,,,,,,,,,,,,,,,,,,
2018/8/21,0,0,0,0,0,0,,,,,,,,,,,,,,,,,,
2018/8/22,29.9,29.39,102.7,298.3,207.2,0,,,,,,,,,,,,,,,,,,
2018/8/23,371.62,251.28,1245.09,4156.11,2102.38,0,,,,,,,,,,,,,,,,,,
2018/8/24,396.5,260.93,1305.19,3850.14,1575.19,0,,,,,,,,,,,,,,,,,,
2018/8/25,171.25,72,1030.52,3761.12,2106.98,0,,,,,,,,,,,,,,,,,,
2018/8/26,160.5,13.3,916.28,3499.16,1972.97,0,,,,,,,,,,,,,,,,,,
2018/8/27,341.215,214.41,1296.02,3932.97,1849.19,0,,,,,,,,,,,,,,,,,,
2018/8/28,359.825,240.7,1379.52,3832.04,2213.76,0,,,,,,,,,,,,,,,,,,
2018/8/29,335.29,235.14,1139.27,3901.24,2562.08,0,,,,,,,,,,,,,,,,,,
2018/8/30,390.3088462,229.0966667,1323.533043,3962.826087,2509.892609,0,,,,,,,,,,,,,,,,,,
2018/8/31,91.49615385,42.18333333,279.8269565,952.853913,616.1073913,0,,,,,,,,,,,,,,,,,,
2018/9/1,97.925,6.650000001,575.0516667,2156.272088,1169.894059,0,,,,,,,,,,,,,,,,,,
2018/9/2,146.2583333,12.75,738.625,3046.247842,1964.510527,0,,,,,,,,,,,,,,,,,,
2018/9/3,148.6791667,23.3375,723.8933333,3130.531897,1911.327315,0,,,,,,,,,,,,,,,,,,
2018/9/4,339.0391667,190.8008333,1138.479167,3160.440866,1899.709145,0,,,,,,,,,,,,,,,,,,
2018/9/5,374.1391667,232.3804167,1097.13375,3135.989147,1752.882272,0,,,,,,,,,,,,,,,,,,
2018/9/6,379.3833333,211.3875,1136.366667,3180.373394,1508.235877,0,,,,,,,,,,,,,,,,,,
2018/9/7,378.3433333,240.5616667,1132.211667,3154.718676,2048.22936,0,,,,,,,,,,,,,,,,,,
2018/9/8,142.73,52.78166667,877.3066667,3360.080695,2273.145353,0,,,,,,,,,,,,,,,,,,
2018/9/9,141.675,9.025,789.9491667,3396.42362,2354.528901,0,,,,,,,,,,,,,,,,,,
2018/9/10,372.5825,185.2091667,1077.205833,3445.778786,2453.096143,0,,,,,,,,,,,,,,,,,,
2018/9/11,410.5366667,212.715,1015.275,3360.397696,2378.218191,0,,,,,,,,,,,,,,,,,,
2018/9/12,408.485,230.6475,1175.148333,3174.737527,2026.35294,0,,,,,,,,,,,,,,,,,,
2018/9/13,398.3025,218.4741667,1120.401667,3090.991653,1863.249393,0,,,,,,,,,,,,,,,,,,
2018/9/14,424.1183333,218.6025,1074.158333,3102.929419,2008.197968,0,,,,,,,,,,,,,,,,,,
2018/9/15,224.515,55.44166667,958.6733333,3020.103021,1689.460542,0,,,,,,,,,,,,,,,,,,
2018/9/16,232.6746905,23.7,840.1491667,3301.247377,1989.457231,0,,,,,,,,,,,,,,,,,,
2018/9/17,433.6992976,185.1966667,1052.179583,3189.914754,1874.315834,0,,,,,,,,,,,,,,,,,,
2018/9/18,452.2858333,209.6516667,1240.481667,3001.68206,1578.965693,0,,,,,,,,,,,,,,,,,,
2018/9/19,453.557619,214.4116667,1098.134167,3262.497598,2142.479831,0,,,,,,,,,,,,,,,,,,
2018/9/20,463.0395238,242.345,1116.8975,3519.898797,2860.636476,0,,,,,,,,,,,,,,,,,,
2018/9/21,412.4463095,215.705,1108.2375,3155.35829,2603.863137,0,,,,,,,,,,,,,,,,,,
2018/9/22,232.4996667,75.3675,924.215,3027.7942,2041.918029,0,,,,,,,,,,,,,,,,,,
2018/9/23,217.273,28.42333333,777.6291667,3274.384605,2144.537429,0,,,,,,,,,,,,,,,,,,
2018/9/24,414.0291667,174.1141667,1085.13431,3338.932709,2233.914499,0,,,,,,,,,,,,,,,,,,
2018/9/25,425.5552381,210.4158333,1234.235,3112.270501,2048.682712,0,,,,,,,,,,,,,,,,,,
2018/9/26,384.2537912,219.50675,1213.691786,3344.297199,2312.040977,0,,,,,,,,,,,,,,,,,,
2018/9/27,437.1119231,204.212619,1183.988952,3190.118333,2065.197992,0,,,,,,,,,,,,,,,,,,
2018/9/28,432.9183333,234.3722857,1112.816738,3027.883802,1574.033628,0,,,,,,,,,,,,,,,,,,
2018/9/29,239.3246667,41.28071429,890.2174286,2991.749626,1650.596877,0,,,,,,,,,,,,,,,,,,
2018/9/30,214.4895,9.193333334,863.190006,3230.665587,2075.721856,0,,,,,,,,,,,,,,,,,,
2018/10/1,784.9533333,372.0178333,2076.058,5722.023046,3862.357642,0,,,,,,,,,,,,,,,,,,
2018/10/2,837.6516667,441.5483095,2348.392571,6662.850499,4896.416506,0,,,,,,,,,,,,,,,,,,
2018/10/3,834.09,491.0090238,2258.705476,5919.155449,4235.869529,0,,,,,,,,,,,,,,,,,,
2018/10/4,928.075,470.626,2511.261262,5898.330961,3593.178243,0,,,,,,,,,,,,,,,,,,
2018/10/5,859.74,418.7229762,2314.000738,6424.798643,4024.933938,0,,,,,,,,,,,,,,,,,,
2018/10/6,455.4931818,104.2003333,1743.937833,6628.876125,4671.909896,0,,,,,,,,,,,,,,,,,,
2018/10/7,431.4618182,39.61,1559.376214,6483.267556,5226.786977,0,,,,,,,,,,,,,,,,,,
2018/10/8,765.3864706,355.4816667,2336.147262,6427.88477,6089.438581,0,,,,,,,,,,,,,,,,,,
2018/10/9,870.6435294,426.9165,2305.169214,6100.777318,4151.898397,0,,,,,,,,,,,,,,,,,,
2018/10/10,813.4625,437.8804524,2400.199119,5549.948639,3931.112915,0,,,,,,,,,,,,,,,,,,
2018/10/11,729.0925,371.0922619,1973.05869,6357.025141,4246.818108,0,,,,,,,,,,,,,,,,,,
2018/10/12,794.9033333,405.9991667,2210.675333,7208.876584,5148.800606,0,,,,,,,,,,,,,,,,,,
2018/10/13,404.98,94.94916667,1800.812667,6935.288536,5228.358262,0,,,,,,,,,,,,,,,,,,
2018/10/14,401.485,12.78,1629.975667,7075.355105,4415.287628,0,,,,,,,,,,,,,,,,,,
2018/10/15,696.235,345.0706667,2290.285833,5988.68065,3476.042648,0,,,,,,,,,,,,,,,,,,
2018/10/16,792.245,418.7445,2500.633333,6986.339218,5145.222231,0,,,,,,,,,,,,,,,,,,
2018/10/17,443.515,244.9426667,1412.015333,4452.362566,2959.08729,0,,,,,,,,,,,,,,,,,,
2018/10/18,398.2,225.8765,1015.447667,3562.508763,2231.155857,0,,,,,,,,,,,,,,,,,,
2018/10/19,386.3325,214.6316667,1013.709333,3647.160393,2471.895141,0,,,,,,,,,,,,,,,,,,
2018/10/20,237.28,43.4775,867.1253333,3649.144517,2495.837302,0,,,,,,,,,,,,,,,,,,
2018/10/21,231.5171429,7.241666668,781.7285,3451.08099,2012.311302,0,,,,,,,,,,,,,,,,,,
2018/10/22,407.5778571,177.6741667,989.7443333,3440.998624,1757.084169,0,,,,,,,,,,,,,,,,,,
2018/10/23,443.0245455,209.7783333,1296.438167,3451.689936,1843.562987,0,,,,,,,,,,,,,,,,,,
2018/10/24,513.2147403,207.2976667,1132.063333,3569.236682,2233.740186,0,,,,,,,,,,,,,,,,,,
2018/10/25,506.7757143,220.3381667,1057.926,3619.832355,2377.845201,0,,,,,,,,,,,,,,,,,,
2018/10/26,511.345,225.8533333,1235.828167,3670.057421,2512.014478,0,,,,,,,,,,,,,,,,,,
2018/10/27,289.925,60.5475,851.9451667,3625.094226,2592.196793,0,,,,,,,,,,,,,,,,,,
2018/10/28,273.675,7.853333332,763.4083333,3438.454182,2223.73591,0,,,,,,,,,,,,,,,,,,
2018/10/29,505.0441667,171.39,1240.518833,3464.475936,2031.616121,0,,,,,,,,,,,,,,,,,,
2018/10/30,502.2875,210.1783333,1271.906667,3384.236559,2127.295518,0,,,,,,,,,,,,,,,,,,
2018/10/31,489.88,202.32,1222.300833,3411.130711,2550.242215,0,,,,,,,,,,,,,,,,,,
2018/11/1,495.075,222.3525,1161.21719,3400.612797,3081.687271,0,,,,,,,,,,,,,,,,,,
2018/11/2,470.9025,201.0776667,1102.9405,3757.853533,3115.312321,0,,,,,,,,,,,,,,,,,,
2018/11/3,251.115,68.63866667,777.5258333,3743.260736,3207.664481,0,,,,,,,,,,,,,,,,,,
2018/11/4,239.09,44.77216667,766.7241667,3673.774912,2903.786995,0,,,,,,,,,,,,,,,,,,
2018/11/5,450.35,156.0301667,1076.850333,3535.400432,2556.222676,0,,,,,,,,,,,,,,,,,,
2018/11/6,476.7844444,216.1290714,1195.973389,3448.689511,2618.880078,0,,,,,,,,,,,,,,,,,,
2018/11/7,424.1972222,209.2115,1172.484167,3326.582493,2605.521696,0,,,,,,,,,,,,,,,,,,
2018/11/8,432.29,216.874381,1132.694548,3026.636403,1852.6959,0,,,,,,,,,,,,,,,,,,
2018/11/9,410.6916667,219.3026667,1094.019333,2683.941181,1882.327853,0,,,,,,,,,,,,,,,,,,
2018/11/10,234.795,67.38,876.5546667,3034.778211,2158.446952,0,,,,,,,,,,,,,,,,,,
2018/11/11,230.44,15.76,725.9849048,2431.495438,1494.413478,0,,,,,,,,,,,,,,,,,,
2018/11/12,363.5760574,119.5121429,906.0681667,3001.223398,2318.635362,0,,,,,,,,,,,,,,,,,,
2018/11/13,373.4524242,176.2161667,1048.978667,3025.094287,2548.425432,0,,,,,,,,,,,,,,,,,,
2018/11/14,352.94,191.8433333,1000.257667,3286.57987,2744.121962,0,,,,,,,,,,,,,,,,,,
2018/11/15,368.0433333,175.2755,1036.536762,3112.240478,2561.805231,0,,,,,,,,,,,,,,,,,,
2018/11/16,135.7566667,39.058,536.0162619,2080.657269,1694.036076,0,,,,,,,,,,,,,,,,,,
2018/11/17,0,0,0,0,0,0,,,,,,,,,,,,,,,,,,
2018/11/18,0,0,0,0,0,0,,,,,,,,,,,,,,,,,,
2018/11/19,0,0,0,0,0,0,,,,,,,,,,,,,,,,,,
2018/11/20,0,0,0,0,0,0,,,,,,,,,,,,,,,,,,
2018/11/21,0,0,0,0,0,0,,,,,,,,,,,,,,,,,,
2018/11/22,0,0,0,0,0,0,,,,,,,,,,,,,,,,,,
2018/11/23,0,0,0,0,0,0,,,,,,,,,,,,,,,,,,
2018/11/24,0,0,0,0,0,0,,,,,,,,,,,,,,,,,,
2018/11/25,0,0,0,0,0,0,,,,,,,,,,,,,,,,,,
2018/11/26,0,0,0,0,0,0,,,,,,,,,,,,,,,,,,
2018/11/27,159.3778571,94.95183333,468.6181667,774.9763407,344.0645879,0,,,,,,,,,,,,,,,,,,
2018/11/28,458.9029762,244.661,1164.238929,3656.585908,1718.435105,0,,,,,,,,,,,,,,,,,,
2018/11/29,462.0433333,223.7632381,1226.762905,2783.380916,508.6051599,0,,,,,,,,,,,,,,,,,,
2018/11/30,454.79,230.0347619,1178.761119,3707.740217,1219.263015,0,,,,,,,,,,,,,,,,,,
2018/12/1,227.785,115.8723333,1043.528024,3672.992654,1099.080825,0,,,,,,,,,,,,,,,,,,
2018/12/2,197.265,44.17238095,850.4988333,3740.245712,1097.341541,0,,,,,,,,,,,,,,,,,,
2018/12/3,462.4066667,184.4418333,1173.142667,3261.111236,524.7375714,0,,,,,,,,,,,,,,,,,,
2018/12/4,477.55,263.6545,1324.547417,2957.934622,192.2601927,0,,,,,,,,,,,,,,,,,,
2018/12/5,408.9194444,267.498,1277.162929,2763.999185,207.3186071,0,,,,,,,,,,,,,,,,,,
2018/12/6,424.7422222,243.8276667,1623.364905,1652.039388,547.8695581,0,,,,,,,,,,,,,,,,,,
2018/12/7,414.08,232.4815,1300.0975,1956.516655,1470.819771,0,,,,,,,,,,,,,,,,,,
2018/12/8,199.2181818,103.6563333,983.5898333,1214.467792,997.2795197,0,,,,,,,,,,,,,,,,,,
2018/12/9,184.6818182,11.49,851.452,1883.827967,1374.975475,0,,,,,,,,,,,,,,,,,,
2018/12/10,418.45,186.4081667,1496.368167,2238.301889,1392.120891,0,,,,,,,,,,,,,,,,,,
2018/12/11,447.58,232.3429762,1552.809786,3637.117151,1815.384442,0,,,,,,,,,,,,,,,,,,
2018/12/12,382.6783333,232.7628333,1358.6425,3296.050053,1561.387044,0,,,,,,,,,,,,,,,,,,
2018/12/13,415.5775,227.2363333,1441.729667,3604.395531,1374.130996,0,,,,,,,,,,,,,,,,,,
2018/12/14,454.7542857,260.7035,1578.79,3665.740375,1146.23852,0,,,,,,,,,,,,,,,,,,
2018/12/15,153.8357143,70.99516667,1149.144905,3983.265197,1351.164879,0,,,,,,,,,,,,,,,,,,
2018/12/16,137.75,23.68619048,943.7554286,3882.456944,972.88357,0,,,,,,,,,,,,,,,,,,
2018/12/17,332.8357143,192.1243333,1374.857167,4076.191281,1526.0085,0,,,,,,,,,,,,,,,,,,
2018/12/18,372.9042857,244.4345,1294.284667,2433.804951,956.7246395,0,,,,,,,,,,,,,,,,,,
2018/12/19,401.115,229.9998333,1109.74425,2354.539256,777.3415489,0,,,,,,,,,,,,,,,,,,
2018/12/20,400.875,248.4882619,1304.432905,2393.350171,1009.802739,0,,,,,,,,,,,,,,,,,,
2018/12/21,299.165,242.9138571,1156.190833,2384.381001,857.1003993,0,,,,,,,,,,,,,,,,,,
2018/12/22,161.9966667,38.53909524,832.4364286,2218.004732,719.2283582,0,,,,,,,,,,,,,,,,,,
2018/12/23,150.4357143,18.23833333,787.3386905,2290.402437,821.5959799,0,,,,,,,,,,,,,,,,,,
2018/12/24,160.4014652,18.20714286,792.593619,2161.666619,684.9926403,0,,,,,,,,,,,,,,,,,,
2018/12/25,147.6961538,11.73833333,789.1431667,2027.134287,298.1631387,0,,,,,,,,,,,,,,,,,,
2018/12/26,158.175,15.40333333,785.9775476,2212.002696,633.876625,0,,,,,,,,,,,,,,,,,,
2018/12/27,149.9,39.45416667,803.267381,1964.437277,658.3350301,0,,,,,,,,,,,,,,,,,,
2018/12/28,153.89,40.3215,898.339881,1197.979155,389.414786,0,,,,,,,,,,,,,,,,,,
2018/12/29,144.5833333,9.448333334,778.6227857,1019.569792,192.244001,0,,,,,,,,,,,,,,,,,,
2018/12/30,144.4716667,9.778333333,799.0998333,975.6546946,181.4051819,0,,,,,,,,,,,,,,,,,,
2018/12/31,145.8616667,63.671,825.7433809,1181.192645,236.2882123,0,,,,,,,,,,,,,,,,,,
2019/1/1,144.3583333,25.145,853.9594762,1064.703411,131.9225421,0,,,,,,,,,,,,,,,,,,
2019/1/2,384.095,175.1615,1259.590667,1339.159409,384.6285165,0,,,,,,,,,,,,,,,,,,
2019/1/3,403.0425,214.2068333,1582.5135,2260.042189,508.5421531,0,,,,,,,,,,,,,,,,,,
2019/1/4,200.6175,86.666,824.8758333,1450.308211,296.880061,0,,,,,,,,,,,,,,,,,,
2019/1/5,0,0,0,0,0,0,,,,,,,,,,,,,,,,,,
2019/1/6,0,0,0,0,0,0,,,,,,,,,,,,,,,,,,
2019/1/7,166.0466667,105.050619,568.2074405,262.7374561,72.85696742,0,,,,,,,,,,,,,,,,,,
2019/1/8,397.1325,263.3578333,1466.631333,1777.673029,305.4472957,0,,,,,,,,,,,,,,,,,,
2019/1/9,386.375,274.6891667,1317.821333,1900.001094,223.6211459,0,,,,,,,,,,,,,,,,,,
2019/1/10,433.875,281.4236667,1367.355333,2376.429347,735.9187062,0,,,,,,,,,,,,,,,,,,
2019/1/11,398.3225,269.5263333,1300.618833,2348.554106,525.3986281,0,,,,,,,,,,,,,,,,,,
2019/1/12,176.94,208.4857381,1027.968643,2572.910558,171.9415033,0,,,,,,,,,,,,,,,,,,
2019/1/13,152.325,182.9569048,968.0915,2350.664594,137.6035331,0,,,,,,,,,,,,,,,,,,
2019/1/14,410.8525,303.955119,1370.850262,3184.741111,199.1563582,0,,,,,,,,,,,,,,,,,,
2019/1/15,445.0333333,349.238881,1594.836,3413.586537,296.0859644,0,,,,,,,,,,,,,,,,,,
2019/1/16,377.0641667,360.5771667,1357.005286,2828.352119,203.3093862,0,,,,,,,,,,,,,,,,,,
2019/1/17,332.0575,332.1453333,1389.895,2305.301944,136.4948628,0,,,,,,,,,,,,,,,,,,
2019/1/18,415.21,331.2033333,1267.0715,3356.887013,844.0138971,0,,,,,,,,,,,,,,,,,,
2019/1/19,189.5555556,224.2131667,970.2593333,2563.178592,547.5042633,0,,,,,,,,,,,,,,,,,,
2019/1/20,171.8444444,190.191,835.1571667,2734.245707,376.1837182,0,,,,,,,,,,,,,,,,,,
2019/1/21,155.5833333,195.7858333,835.4955,3586.561357,319.7615913,0,,,,,,,,,,,,,,,,,,
2019/1/22,311.8666667,276.8760476,1254.943071,3629.157839,659.7460718,0,,,,,,,,,,,,,,,,,,
2019/1/23,306.9136364,319.1887857,1430.648321,3634.678344,1151.842618,0,,,,,,,,,,,,,,,,,,
2019/1/24,330.1213636,325.994,1288.248667,3510.708182,1226.309391,0,,,,,,,,,,,,,,,,,,
2019/1/25,327.75,271.4761905,1431.795595,3329.909991,1232.979178,0,,,,,,,,,,,,,,,,,,
2019/1/26,133.2833333,75.01083333,930.2023333,2077.52121,744.9626655,0,,,,,,,,,,,,,,,,,,
2019/1/27,109.075,17.33333333,814.9951667,2873.169353,1126.326306,0,,,,,,,,,,,,,,,,,,
2019/1/28,283.4166667,189.257,1080.711167,3238.051681,1871.245781,0,,,,,,,,,,,,,,,,,,
2019/1/29,320.2741667,276.6556667,1132.330167,3217.279336,1977.451754,0,,,,,,,,,,,,,,,,,,
2019/1/30,304.84,258.2556667,1162.269,3211.067747,1559.720001,0,,,,,,,,,,,,,,,,,,
2019/1/31,349.98,283.4365,1265.82975,3185.037832,1500.570808,0,,,,,,,,,,,,,,,,,,
2019/2/1,331.535,327.3502619,1219.7045,3116.780394,1130.63662,0,,,,,,,,,,,,,,,,,,
2019/2/2,145.715,83.48816667,963.0313095,1829.382177,51.02137427,0,,,,,,,,,,,,,,,,,,
2019/2/3,96.25,17.00333334,818.8381429,2542.901704,66.40803509,0,,,,,,,,,,,,,,,,,,
2019/2/4,322.3,231.7065,1327.46581,3333.310723,238.2975299,0,,,,,,,,,,,,,,,,,,
2019/2/5,388.505,252.5155,1508.1455,3461.743381,471.9927165,0,,,,,,,,,,,,,,,,,,
2019/2/6,372.071,256.8992381,1520.725,1982.490866,1469.033434,0,,,,,,,,,,,,,,,,,,
2019/2/7,384.1573333,270.2892143,1485.279643,2042.343962,1493.468713,0,,,,,,,,,,,,,,,,,,
2019/2/8,381.1716667,292.7010714,1400.892405,1866.280617,788.6030766,0,,,,,,,,,,,,,,,,,,
2019/2/9,160.0416667,77.495,1068.880071,612.9646203,404.1074728,0,,,,,,,,,,,,,,,,,,
2019/2/10,136.0202381,32.73328571,944.5578333,825.0977949,220.7140528,0,,,,,,,,,,,,,,,,,,
2019/2/11,366.2464286,198.8060238,1454.686032,1852.540852,1327.523561,0,,,,,,,,,,,,,,,,,,
2019/2/12,354.65,288.1814524,1377.544,1838.45639,1381.662492,0,,,,,,,,,,,,,,,,,,
2019/2/13,356.8766667,298.0280238,1292.983452,980.3687539,659.6632974,0,,,,,,,,,,,,,,,,,,
2019/2/14,433.4533333,273.3296667,1314.439548,124.9124396,314.203956,0,,,,,,,,,,,,,,,,,,
2019/2/15,438.34,265.5178571,1257.306619,66.88332224,648.5357976,0,,,,,,,,,,,,,,,,,,
2019/2/16,186.03,69.38702381,921.0953333,37.9500172,667.2786542,0,,,,,,,,,,,,,,,,,,
2019/2/17,156.1,17.18583333,772.9088452,110.3091344,1604.285607,0,,,,,,,,,,,,,,,,,,
2019/2/18,162.5,53.96466667,787.9643333,9.603479532,2312.296485,0,,,,,,,,,,,,,,,,,,
2019/2/19,399.7478571,229.0015,1287.236833,236.9445153,2200.788636,0,,,,,,,,,,,,,,,,,,
2019/2/20,405.6875,274.0136667,1500.870595,1185.333195,2226.267873,0,,,,,,,,,,,,,,,,,,
2019/2/21,451.2471429,259.8134048,1415.749643,872.976748,2174.571198,0,,,,,,,,,,,,,,,,,,
2019/2/22,402.7114286,268.8559524,1256.536976,576.1865064,1945.301591,0,,,,,,,,,,,,,,,,,,
2019/2/23,180.1035714,75.39533333,919.3593095,347.9673187,866.6500813,0,,,,,,,,,,,,,,,,,,
2019/2/24,142.2214286,14.37166667,777.4322143,593.5971331,1556.258531,0,,,,,,,,,,,,,,,,,,
2019/2/25,341.4535714,215.8500238,1216.919548,306.018932,1484.992253,0,,,,,,,,,,,,,,,,,,
2019/2/26,379.115,269.0033333,1337.605,264.8770779,266.1633658,0,,,,,,,,,,,,,,,,,,
2019/2/27,357.1416667,276.4461667,1231.086167,102.0792297,43.99409795,0,,,,,,,,,,,,,,,,,,
2019/2/28,355.49,263.9916667,1371.741214,732.5855916,898.5178043,0,,,,,,,,,,,,,,,,,,
2019/3/1,373.775,276.6995,1328.737071,1837.469272,2261.753939,0,,,,,,,,,,,,,,,,,,
2019/3/2,189.2535714,101.6955,991.6230238,638.1947716,954.9598038,0,,,,,,,,,,,,,,,,,,
2019/3/3,163.9714286,30.16833333,856.4057857,1255.782551,1858.083729,0,,,,,,,,,,,,,,,,,,
2019/3/4,388.6041667,245.1746667,1349.481167,1716.924903,1836.305516,0,,,,,,,,,,,,,,,,,,
2019/3/5,472.8766667,316.0999921,1415.537802,2014.683416,870.5032438,0,,,,,,,,,,,,,,,,,,
2019/3/6,400.0583333,316.8794798,1396.958377,496.761063,128.1888153,0,,,,,,,,,,,,,,,,,,
2019/3/7,422.2279167,323.8614286,1287.7565,1304.438171,278.0116385,0,,,,,,,,,,,,,,,,,,
2019/3/8,376.4604167,267.5491667,1175.306167,801.4489599,258.1979779,0,,,,,,,,,,,,,,,,,,
2019/3/9,211.7170833,82.19483334,855.6303571,414.7288919,168.9080122,0,,,,,,,,,,,,,,,,,,
2019/3/10,196.27,71.42214286,775.2242619,1126.782807,321.210579,0,,,,,,,,,,,,,,,,,,
2019/3/11,416.1033333,227.6574048,1328.976333,1822.451605,657.9681276,0,,,,,,,,,,,,,,,,,,
2019/3/12,427.356,263.4498333,1354.539,1706.726151,1025.429933,0,,,,,,,,,,,,,,,,,,
2019/3/13,388.224,234.592619,1366.390857,1466.455134,293.329882,0,,,,,,,,,,,,,,,,,,
2019/3/14,388.775,280.5166667,1415.727429,1787.334854,661.9721152,0,,,,,,,,,,,,,,,,,,
2019/3/15,424.63,254.8809762,1282.461333,2176.981502,1483.215094,0,,,,,,,,,,,,,,,,,,
2019/3/16,187.75,42.12561905,879.1099762,1673.434783,994.496836,0,,,,,,,,,,,,,,,,,,
2019/3/17,167.05,12.05833333,805.1943333,2165.31502,1423.886055,0,,,,,,,,,,,,,,,,,,
2019/3/18,381.615,211.464881,1212.818286,2504.388161,2073.281213,0,,,,,,,,,,,,,,,,,,
2019/3/19,369.8325,251.9645,1244.097262,2216.920246,1458.465053,0,,,,,,,,,,,,,,,,,,
2019/3/20,399.89,266.0290952,1192.29019,1379.219798,549.488511,0,,,,,,,,,,,,,,,,,,
2019/3/21,375.06,257.3766667,1296.941667,1989.548419,930.7855984,0,,,,,,,,,,,,,,,,,,
2019/3/22,356.725,290.07,1188.358667,1968.650802,676.1748414,0,,,,,,,,,,,,,,,,,,
2019/3/23,158.75,60.08416667,861.0550952,883.0633095,258.427397,0,,,,,,,,,,,,,,,,,,
2019/3/24,150,12.29,830.0253333,1678.658167,877.8069873,0,,,,,,,,,,,,,,,,,,
2019/3/25,347.7491667,213.6637143,1155.089714,1541.356722,949.5121305,0,,,,,,,,,,,,,,,,,,
2019/3/26,374.76,242.6681667,1360.553333,1995.240286,969.2553472,0,,,,,,,,,,,,,,,,,,
2019/3/27,392.45125,274.218,1418.609881,846.7230219,472.5147297,0,,,,,,,,,,,,,,,,,,
2019/3/28,358.64875,268.07,1259.439167,1490.457098,521.0326516,0,,,,,,,,,,,,,,,,,,
2019/3/29,372.455,260.1336429,1348.754476,1902.838237,668.3959502,0,,,,,,,,,,,,,,,,,,
2019/3/30,188.62,38.64885714,902.3529524,1033.592525,524.9272783,0,,,,,,,,,,,,,,,,,,
2019/3/31,167.4142857,15.32666666,844.3196667,2069.24165,1398.662783,0,,,,,,,,,,,,,,,,,,
2019/4/1,380.4007143,214.8471429,1358.936429,2173.155823,1506.542213,0,,,,,,,,,,,,,,,,,,
2019/4/2,370.4925,275.586,1382.8245,1780.294943,922.9405345,0,,,,,,,,,,,,,,,,,,
2019/4/3,336.7991667,279.8988333,1385.166167,2018.104351,1083.013172,0,,,,,,,,,,,,,,,,,,
2019/4/4,329.9233333,296.9495,1423.221357,1923.786383,854.6934442,0,,,,,,,,,,,,,,,,,,
2019/4/5,375.11,262.4283571,1353.316857,1795.132558,586.992811,0,,,,,,,,,,,,,,,,,,
2019/4/6,178.765,80.44616667,952.9650238,987.6667965,442.518379,0,,,,,,,,,,,,,,,,,,
2019/4/7,153.3583333,36.61666666,885.2245,1907.803263,1085.262227,0,,,,,,,,,,,,,,,,,,
2019/4/8,357.1666667,248.9021429,1371.178405,2184.510325,1473.692117,0,,,,,,,,,,,,,,,,,,
2019/4/9,329.14,269.321,1421.681738,1431.923403,510.9269861,0,,,,,,,,,,,,,,,,,,
2019/4/10,335.6366667,269.1028333,1461.631262,1659.575798,689.0646379,0,,,,,,,,,,,,,,,,,,
2019/4/11,350.985,303.0725,1458.088929,1901.915658,1144.87151,0,,,,,,,,,,,,,,,,,,
2019/4/12,335.225,258.5713571,1213.631405,1931.677615,790.7404209,0,,,,,,,,,,,,,,,,,,
2019/4/13,131.25,53.01633333,870.816,1879.93036,1106.788941,0,,,,,,,,,,,,,,,,,,
2019/4/14,129.55,24.16619048,849.4215,1636.999165,446.3625175,0,,,,,,,,,,,,,,,,,,
2019/4/15,357.8725,234.0838333,1444.904865,1635.388369,753.6905587,0,,,,,,,,,,,,,,,,,,
2019/4/16,369.7566667,293.885119,1568.7365,1854.753287,565.774165,0,,,,,,,,,,,,,,,,,,
2019/4/17,326.9043333,246.132881,1530.121524,2043.913745,1066.452073,0,,,,,,,,,,,,,,,,,,
2019/4/18,351.2206667,264.6301429,1360.285595,2466.91611,1911.949493,0,,,,,,,,,,,,,,,,,,
2019/4/19,340.645,240.733619,1395.259833,2318.083099,1574.596529,0,,,,,,,,,,,,,,,,,,
2019/4/20,154.05,47.08633334,947.2088333,909.3708057,401.45139,0,,,,,,,,,,,,,,,,,,
2019/4/21,143.565,14.76214286,843.666119,1679.806983,265.6554741,0,,,,,,,,,,,,,,,,,,
2019/4/22,375.285,217.5841905,1239.285976,2490.314948,1661.898106,0,,,,,,,,,,,,,,,,,,
2019/4/23,380.5216667,243.468881,1333.908143,3318.540623,3017.884115,0,,,,,,,,,,,,,,,,,,
2019/4/24,339.415,261.1813571,1371.657708,3614.559269,3442.568949,0,,,,,,,,,,,,,,,,,,
2019/4/25,186.7707143,248.7749634,1228.764581,2396.551674,1613.693571,0,,,,,,,,,,,,,,,,,,
2019/4/26,361.8892857,253.7815128,1308.940467,2179.558174,1562.234746,0,,,,,,,,,,,,,,,,,,
2019/4/27,166.55,71.68838096,893.423,1777.958773,1053.538151,0,,,,,,,,,,,,,,,,,,
2019/4/28,124.92,16.73833333,846.5480714,1583.868558,227.4372227,0,,,,,,,,,,,,,,,,,,
2019/4/29,378.775,219.5671667,1306.865548,1582.445175,419.1045917,0,,,,,,,,,,,,,,,,,,
2019/4/30,432.1847059,285.822881,1315.729976,835.1490632,253.2222091,0,,,,,,,,,,,,,,,,,,
2019/5/1,346.3602941,257.476132,1323.50154,2060.929788,1044.816014,0,,,,,,,,,,,,,,,,,,
2019/5/2,351.917,262.9913333,1310.667143,2160.420936,1554.04373,0,,,,,,,,,,,,,,,,,,
2019/5/3,369.588,272.2902381,1271.841095,2133.882963,1519.730925,0,,,,,,,,,,,,,,,,,,
2019/5/4,158.85,66.90545238,835.8671667,1758.400373,618.3996697,0,,,,,,,,,,,,,,,,,,
2019/5/5,148.7208333,15.94666667,797.2389524,595.1914471,243.5636512,0,,,,,,,,,,,,,,,,,,
2019/5/6,350.4166667,228.8591667,1170.165548,332.6469804,127.5624801,0,,,,,,,,,,,,,,,,,,
2019/5/7,384.5033333,287.215,1265.599738,1231.816789,276.1103074,0,,,,,,,,,,,,,,,,,,
2019/5/8,348.2504167,260.9506667,1341.158524,1483.369142,257.2982026,0,,,,,,,,,,,,,,,,,,
2019/5/9,378.57875,283.1216429,1202.590321,1008.259222,273.9234622,0,,,,,,,,,,,,,,,,,,
2019/5/10,370.9,252.9469048,1256.720738,1583.535944,280.7588393,0,,,,,,,,,,,,,,,,,,
2019/5/11,188.5383333,42.75233333,860.3030476,1549.030993,431.3846247,0,,,,,,,,,,,,,,,,,,
2019/5/12,178.9766667,21.75333333,803.7471667,1405.944418,218.3533283,0,,,,,,,,,,,,,,,,,,
2019/5/13,405.76,216.9234286,1304.929452,1839.400708,489.5887747,0,,,,,,,,,,,,,,,,,,
2019/5/14,439.5725,254.1118333,1606.926071,1349.895876,243.9449381,0,,,,,,,,,,,,,,,,,,
2019/5/15,363.34,290.1866667,1319.254167,1493.751146,410.9112992,0,,,,,,,,,,,,,,,,,,
2019/5/16,414.7575,268.6996667,1408.408333,144.4156362,93.45146576,0,,,,,,,,,,,,,,,,,,
2019/5/17,382.2575,257.935,1292.58,1110.177392,231.3770371,0,,,,,,,,,,,,,,,,,,
2019/5/18,177.8,57.575,836.0783333,1157.512752,243.263422,0,,,,,,,,,,,,,,,,,,
2019/5/19,157.6340909,12.40227273,767.5586364,427.6145874,180.1662531,0,,,,,,,,,,,,,,,,,,
2019/5/20,383.1909091,213.1677273,1266.833864,1385.08897,308.3290678,0,,,,,,,,,,,,,,,,,,
2019/5/21,400.115,238.02,1249.67,782.9167901,223.7668024,0,,,,,,,,,,,,,,,,,,
2019/5/22,378.3525,240.465,1136.765,1379.864303,485.5145795,0,,,,,,,,,,,,,,,,,,
2019/5/23,394.275,253.925,1357.01,1990.192904,732.8733104,0,,,,,,,,,,,,,,,,,,
2019/5/24,380.7911538,268.8923077,1199.431154,1382.024606,345.5105155,0,,,,,,,,,,,,,,,,,,
2019/5/25,216.9542308,33.33269231,854.8655769,673.2617209,151.8312543,0,,,,,,,,,,,,,,,,,,
2019/5/26,195.4274725,9.3,870.5486264,400.8763638,2.983846154,0,,,,,,,,,,,,,,,,,,
2019/5/27,197.2252198,11.10192308,833.6306044,988.3607972,176.6320805,0,,,,,,,,,,,,,,,,,,
2019/5/28,434.2919231,216.5220769,1245.526538,1470.330967,270.9451972,0,,,,,,,,,,,,,,,,,,
2019/5/29,401.75,245.986,1378.605,2027.739328,753.8910332,0,,,,,,,,,,,,,,,,,,
2019/5/30,407.33,234.4925,1208.62,1155.828102,302.4077144,0,,,,,,,,,,,,,,,,,,
2019/5/31,497.505,420.22,1355.98,1923.200179,402.6989825,0,,,,,,,,,,,,,,,,,,
2019/6/1,155.875,55.025,901.0925,1688.499143,347.6461968,0,,,,,,,,,,,,,,,,,,
2019/6/2,138.123,16.575,826.746,1362.948355,181.5698764,0,,,,,,,,,,,,,,,,,,
2019/6/3,361.4936667,224.1783333,1315.819,1522.127249,345.501894,0,,,,,,,,,,,,,,,,,,
2019/6/4,411.0547126,225.9583333,1312.98,2312.018415,1289.776869,0,,,,,,,,,,,,,,,,,,
2019/6/5,374.5502874,259.1758333,1427.516667,2794.91165,2167.6181,0,,,,,,,,,,,,,,,,,,
2019/6/6,400.9183333,228.7616667,1406.016667,2034.853999,853.6396181,0,,,,,,,,,,,,,,,,,,
2019/6/7,413.365,242.53,1448.766667,2073.837841,976.9432513,0,,,,,,,,,,,,,,,,,,
2019/6/8,195.3666667,54.53333333,872.77,2287.408474,1815.741798,0,,,,,,,,,,,,,,,,,,
2019/6/9,180.025,13.375,834.115,3277.435274,2987.494242,0,,,,,,,,,,,,,,,,,,
2019/6/10,405.6625,218.69,1232.9,4299.595394,3858.914186,0,,,,,,,,,,,,,,,,,,
2019/6/11,412.0475,275.19,1282.556667,4701.574779,4290.479415,0,,,,,,,,,,,,,,,,,,
2019/6/12,321.1183333,166.55,1019.35,4315.360585,3994.399702,0,,,,,,,,,,,,,,,,,,
2019/6/13,481.5154167,302.555,1415.93,2205.186464,1000.681557,0,,,,,,,,,,,,,,,,,,
2019/6/14,420.96875,269.495,1292.8275,1439.496857,309.1374481,0,,,,,,,,,,,,,,,,,,
2019/6/15,221.285,98.1,962.33,568.6943548,117.0430135,0,,,,,,,,,,,,,,,,,,
2019/6/16,188.055,36.55,872.87,1185.769926,182.545612,0,,,,,,,,,,,,,,,,,,
2019/6/17,426.2934615,244.82,1322.110769,1917.689024,543.1121065,0,,,,,,,,,,,,,,,,,,
2019/6/18,439.8765385,271.225,1324.121731,2113.44226,997.3443155,0,,,,,,,,,,,,,,,,,,
2019/6/19,489.8098684,291.5901754,1428.893421,2001.969805,892.3718096,0,,,,,,,,,,,,,,,,,,
2019/6/20,730.5092982,478.4856579,2631.273579,1987.084916,562.7482067,0,,,,,,,,,,,,,,,,,,
2019/6/21,430.7433333,277.7485,1418.452167,2025.241943,809.2171394,0,,,,,,,,,,,,,,,,,,
2019/6/22,220.9825,52.919,935.323,2409.402666,1682.955332,0,,,,,,,,,,,,,,,,,,
2019/6/23,197.27,15.2,904.132,2678.001745,2182.581115,0,,,,,,,,,,,,,,,,,,
2019/6/24,437.4127381,193.8078571,1510.947976,2311.556123,1634.067822,0,,,,,,,,,,,,,,,,,,
2019/6/25,490.3664286,289.9721429,1450.177857,2350.934435,1479.889272,0,,,,,,,,,,,,,,,,,,
2019/6/26,468.573,262.43,1496.4,1590.240244,902.616867,0,,,,,,,,,,,,,,,,,,
2019/6/27,431.7395,292.715,1441.8,1950.999501,800.5034287,0,,,,,,,,,,,,,,,,,,
2019/6/28,457.06,243.6925,1246.905,2131.044519,1159.343049,0,,,,,,,,,,,,,,,,,,
2019/6/29,188.6707143,86.895,911.5710714,2171.775213,1294.175745,0,,,,,,,,,,,,,,,,,,
2019/6/30,167.1642857,17,874.6139286,2173.566267,1082.510631,0,,,,,,,,,,,,,,,,,,
2019/7/1,424.59,216.7,1383.725,2030.738114,862.3017023,0,,,,,,,,,,,,,,,,,,
2019/7/2,519.31,261.82,1349.885,2225.381446,1214.382277,0,,,,,,,,,,,,,,,,,,
2019/7/3,461.8875,261.85,1527.255,2216.288787,1155.700458,0,,,,,,,,,,,,,,,,,,
2019/7/4,191.85,30,888.1575,2067.917836,915.2628102,0,,,,,,,,,,,,,,,,,,
2019/7/5,334.8272727,181.56,979.7175,2046.263026,1261.877075,0,,,,,,,,,,,,,,,,,,
2019/7/6,186.1298701,57.8125,924.2542857,2124.2876,1153.057341,0,,,,,,,,,,,,,,,,,,
2019/7/7,165.9428571,14.3,890.7907143,1381.965576,457.5654543,0,,,,,,,,,,,,,,,,,,
2019/7/8,429.96,213.1025,1608.3075,260.4706259,125.6132391,0,,,,,,,,,,,,,,,,,,
2019/7/9,448.405881,270.3191667,1624.559524,1833.186275,345.1206997,0,,,,,,,,,,,,,,,,,,
2019/7/10,411.5789643,239.9866667,1334.810103,2211.112623,1064.960253,0,,,,,,,,,,,,,,,,,,
2019/7/11,423.8893333,224.8683333,1465.758333,2444.668927,1438.182038,0,,,,,,,,,,,,,,,,,,
2019/7/12,411.7741667,261.6266667,1469.283333,2452.989634,1520.712104,0,,,,,,,,,,,,,,,,,,
2019/7/13,172.4447619,54.85,941.2018571,2297.796374,1334.643895,0,,,,,,,,,,,,,,,,,,
2019/7/14,152.397381,17.55,932.6700833,2178.778498,1176.905877,0,,,,,,,,,,,,,,,,,,
2019/7/15,394.4303095,209.9857143,1287.749405,2924.481922,2349.906857,0,,,,,,,,,,,,,,,,,,
2019/7/16,474.4735952,280.5892857,1367.822345,2678.986654,1760.330894,0,,,,,,,,,,,,,,,,,,
2019/7/17,439.3850476,255.0975,1331.876071,2598.20604,1609.733867,0,,,,,,,,,,,,,,,,,,
2019/7/18,419.8525,266.26,1127.51,2272.610717,1323.659761,0,,,,,,,,,,,,,,,,,,
2019/7/19,458.2622857,247.025,1264.763929,1855.466261,816.5378433,0,,,,,,,,,,,,,,,,,,
2019/7/20,193.7482143,80.575,926.992,1535.784158,344.4255206,0,,,,,,,,,,,,,,,,,,
2019/7/21,162.02,32.45,982.99,1804.726376,1069.282456,0,,,,,,,,,,,,,,,,,,
2019/7/22,8.3,4.3,14.4,292.0529427,281.0493351,0,,,,,,,,,,,,,,,,,,
2019/7/23,0,0,0,0,0,0,,,,,,,,,,,,,,,,,,
2019/7/24,415.1816667,249.1571429,1312.4,2738.571368,2042.51794,0,,,,,,,,,,,,,,,,,,
2019/7/25,501.5333333,273.7928571,1440.71,2806.287829,2274.71281,0,,,,,,,,,,,,,,,,,,
2019/7/26,432.9833333,276.464,1466.7285,2154.646779,1162.795956,0,,,,,,,,,,,,,,,,,,
2019/7/27,159.7033333,64.821,772.1148333,1124.819766,325.6101515,0,,,,,,,,,,,,,,,,,,
2019/7/28,146.9416667,20.95,829.7033333,1136.912574,1029.251809,0,,,,,,,,,,,,,,,,,,
2019/7/29,403.395,214.63,1062.325,1702.572924,715.7633991,0,,,,,,,,,,,,,,,,,,
2019/7/30,498.5433333,277.1766667,1315.145833,1504.99413,394.0943394,0,,,,,,,,,,,,,,,,,,
2019/7/31,436.2091667,275.0383333,1477.079167,2173.842051,769.8871776,0,,,,,,,,,,,,,,,,,,
2019/8/1,425.7623095,270.2341667,1428.02475,1950.334058,527.8300455,0,,,,,,,,,,,,,,,,,,
2019/8/2,415.2903333,289.7525,1244.264167,2380.207028,994.6849441,0,,,,,,,,,,,,,,,,,,
2019/8/3,202.8632353,132.9980882,957.8933824,2574.876914,1417.257876,0,,,,,,,,,,,,,,,,,,
2019/8/4,166.2956933,16.79012605,905.8367367,2412.860358,1042.844118,0,,,,,,,,,,,,,,,,,,
2019/8/5,406.5607381,203.252619,1303.830964,2419.19676,1198.819958,0,,,,,,,,,,,,,,,,,,
2019/8/6,475.39,255.9575,1269.4,2334.304872,1141.670319,0,,,,,,,,,,,,,,,,,,
2019/8/7,433.245,271.6075,1190.2675,2257.967063,1018.618296,0,,,,,,,,,,,,,,,,,,
2019/8/8,433.7327381,280.0616667,1227.849333,2117.939073,1157.65897,0,,,,,,,,,,,,,,,,,,
2019/8/9,445.5325,340.66,1280.125,2594.911265,1965.929519,0,,,,,,,,,,,,,,,,,,
2019/8/10,158.075,82.0875,866.5075,2480.280256,1980.031839,0,,,,,,,,,,,,,,,,,,
2019/8/11,121.6,19,832.675,2570.985518,2036.665134,0,,,,,,,,,,,,,,,,,,
2019/8/12,354.7757471,201.1512931,1206.331131,3249.265067,2918.547529,0,,,,,,,,,,,,,,,,,,
2019/8/13,445.8175862,264.8103736,1233.340452,3382.103596,2953.323131,0,,,,,,,,,,,,,,,,,,
2019/8/14,457.1425,306.6646667,1376.121167,4398.006079,3882.609437,0,,,,,,,,,,,,,,,,,,
2019/8/15,507.9308333,293.9978333,1271.643333,4740.365033,4390.338618,0,,,,,,,,,,,,,,,,,,
2019/8/16,457.1133333,291.5130238,1290.80625,3988.432608,3679.935826,0,,,,,,,,,,,,,,,,,,
2019/8/17,190.14,52.14695238,929.5254167,2047.346172,1536.364846,0,,,,,,,,,,,,,,,,,,
2019/8/18,175.4066667,17.57833333,875.3470833,2208.360838,1700.631877,0,,,,,,,,,,,,,,,,,,
2019/8/19,409.5558333,251.1577619,1289.61875,2086.795569,991.8348336,0,,,,,,,,,,,,,,,,,,
2019/8/20,384.9958333,276.7215,1371.655833,2277.709091,1583.667378,0,,,,,,,,,,,,,,,,,,
2019/8/21,368.1156905,281.329,1410.91,2935.607033,2630.033806,0,,,,,,,,,,,,,,,,,,
2019/8/22,403.2986667,292.35,1412.0525,3493.654143,3087.040513,0,,,,,,,,,,,,,,,,,,
2019/8/23,372.9062619,289.67,1432.405,0,0,0,,,,,,,,,,,,,,,,,,
2019/8/24,171.4585476,54.35,882.7308333,0,0,0,,,,,,,,,,,,,,,,,,
2019/8/25,153.9254762,17.65,809,0,0,0,,,,,,,,,,,,,,,,,,
2019/8/26,388.0525714,230.115,1350.095,0,0,0,,,,,,,,,,,,,,,,,,
2019/8/27,422.0270476,256.345,1609.795,0,0,0,,,,,,,,,,,,,,,,,,
2019/8/28,398.7656905,280.17,1538.436667,0,0,0,,,,,,,,,,,,,,,,,,
2019/8/29,382.7298333,308.54,1319.5475,0,0,0,,,,,,,,,,,,,,,,,,
2019/8/30,351.4465714,269.245,1513.345833,0,0,0,,,,,,,,,,,,,,,,,,
2019/8/31,162.132,60.07333333,907.2558333,0,0,0,,,,,,,,,,,,,,,,,,
2019/9/1,148.9059524,17.675,849.0891667,3442.436442,3035.248263,0,,,,,,,,,,,,,,,,,,
2019/9/2,150.7316667,13.175,932.915,3024.840296,2567.512978,0,,,,,,,,,,,,,,,,,,
2019/9/3,395.903,211.5424167,1441.295,2738.44467,1805.273826,0,,,,,,,,,,,,,,,,,,
2019/9/4,415.5508333,257.5003333,1256.699167,2903.086626,2321.41678,0,,,,,,,,,,,,,,,,,,
2019/9/5,484.69,264.74,1409.24,2523.187209,1555.528429,0,,,,,,,,,,,,,,,,,,
2019/9/6,415.565,258.625,1426.3575,2492.068967,1506.062159,0,,,,,,,,,,,,,,,,,,
2019/9/7,167.4416667,60.925,794.8108333,1514.784828,838.4941094,0,,,,,,,,,,,,,,,,,,
2019/9/8,141.6,8.311190477,791.3875,2356.734815,1667.824633,0,,,,,,,,,,,,,,,,,,
2019/9/9,370.8016667,182.0081667,1304.673333,1632.745235,1385.233312,0,,,,,,,,,,,,,,,,,,
2019/9/10,445.5750714,237.2582381,1330.360833,2711.952367,2082.980491,0,,,,,,,,,,,,,,,,,,
2019/9/11,396.2894762,244.4613333,1314.918,3040.7033,2450.772069,0,,,,,,,,,,,,,,,,,,
2019/9/12,388.844,221.085,1437.55,3951.382127,3462.578777,0,,,,,,,,,,,,,,,,,,
2019/9/13,350.1800238,237.1009524,1446.80875,4592.820187,4016.51009,0,,,,,,,,,,,,,,,,,,
2019/9/14,164.8041667,37.025,836.5129167,4039.806474,3592.923499,0,,,,,,,,,,,,,,,,,,
2019/9/15,138.0833333,14.875,813.2333333,2521.862083,1446.772755,0,,,,,,,,,,,,,,,,,,
2019/9/16,386.5605303,189.42,1370.543864,2433.774976,1697.634501,0,,,,,,,,,,,,,,,,,,
2019/9/17,447.2723864,191.995,1496.748636,2672.692951,2099.237139,0,,,,,,,,,,,,,,,,,,
2019/9/18,401.1616667,240.1059091,1502.405,2571.157216,1991.719853,0,,,,,,,,,,,,,,,,,,
2019/9/19,391.0658333,195.8140909,1254.14,2546.691495,2012.513108,0,,,,,,,,,,,,,,,,,,
2019/9/20,359.8790952,206.1472222,1479.21144,2728.071674,2327.93704,0,,,,,,,,,,,,,,,,,,
2019/9/21,165.7655,31.94777778,934.391,2986.488422,2703.143571,0,,,,,,,,,,,,,,,,,,
2019/9/22,152.0916667,16.79166667,805.4715,2721.237273,2320.07224,0,,,,,,,,,,,,,,,,,,
2019/9/23,365.2328333,171.64,1382.431333,2971.346472,2408.314932,0,,,,,,,,,,,,,,,,,,
2019/9/24,389.0503333,197.44,1425.745714,3724.859016,3517.136514,0,,,,,,,,,,,,,,,,,,
2019/9/25,382.5258333,202.3466667,1492.534167,3296.078847,3452.785517,0,,,,,,,,,,,,,,,,,,
2019/9/26,410.772,201.1091667,1416.135,3146.666166,2826.889858,0,,,,,,,,,,,,,,,,,,
2019/9/27,374.3814524,234.8825,1326.739762,2075.883084,672.9442371,0,,,,,,,,,,,,,,,,,,
2019/9/28,156.7833333,33.375,877.3158333,1197.248318,561.6684072,0,,,,,,,,,,,,,,,,,,
2019/9/29,154.0540476,12.3,890.8838571,4.405526316,165.4165876,0,,,,,,,,,,,,,,,,,,
2019/9/30,375.0345,177.8975,1537.174167,123.6013983,185.1978352,0,,,,,,,,,,,,,,,,,,
2019/10/1,417.3815,195.1833333,1491.17,182.0527868,221.2207081,0,,,,,,,,,,,,,,,,,,
2019/10/2,388.0174762,205.9583333,1397.951667,684.5779004,621.2157526,0,,,,,,,,,,,,,,,,,,
2019/10/3,0,0,0,0,0,0,,,,,,,,,,,,,,,,,,
2019/10/4,0,0,0,0,0,0,,,,,,,,,,,,,,,,,,
2019/10/5,0,0,0,0,0,0,,,,,,,,,,,,,,,,,,
2019/10/6,0,0,0,0,0,0,,,,,,,,,,,,,,,,,,
2019/10/7,0,0,0,0,0,0,,,,,,,,,,,,,,,,,,
2019/10/8,0,0,0,0,0,0,,,,,,,,,,,,,,,,,,
2019/10/9,35.67666667,17.46,587.5413333,273.2897729,230.8585619,0,,,,,,,,,,,,,,,,,,
2019/10/10,12.90833333,16.675,227.7121667,119.8226866,130.0616081,0,,,,,,,,,,,,,,,,,,
2019/10/11,12.91428571,49.8067381,283.66,449.4797287,298.5278377,0,,,,,,,,,,,,,,,,,,
2019/10/12,12.945,45.06111905,613.0558333,1382.955089,1000.749602,0,,,,,,,,,,,,,,,,,,
2019/10/13,17.88916667,27.34,583.405,352.0233059,454.0385357,0,,,,,,,,,,,,,,,,,,
2019/10/14,262.4091667,265.2737698,1266.748667,113.1016061,207.3869394,0,,,,,,,,,,,,,,,,,,
2019/10/15,366.9,348.0491667,1406.939167,346.0825278,389.5590249,0,,,,,,,,,,,,,,,,,,
2019/10/16,378.4405,338.5166667,1386.762083,256.0523676,311.5284459,0,,,,,,,,,,,,,,,,,,
2019/10/17,359.0345476,343.0517381,1339.034083,301.9425859,351.9823611,0,,,,,,,,,,,,,,,,,,
2019/10/18,367.4601667,309.0352857,1378.741833,109.1957601,209.3521768,0,,,,,,,,,,,,,,,,,,
2019/10/19,134.4825,75.7652381,893.71575,16.35972222,125.4865606,0,,,,,,,,,,,,,,,,,,
2019/10/20,118.2266667,26.44392857,852.3,331.7625685,421.7739791,0,,,,,,,,,,,,,,,,,,
2019/10/21,331.681,280.9833333,1191.2475,1042.24497,1039.03461,0,,,,,,,,,,,,,,,,,,
2019/10/22,394.0636905,313.2166667,1323.7625,3250.736911,3107.034776,0,,,,,,,,,,,,,,,,,,
2019/10/23,305.194119,334.305,1356.771667,3618.153656,3239.879442,0,,,,,,,,,,,,,,,,,,
2019/10/24,326.376246,354.4825,1536.674167,2520.776854,2093.435044,0,,,,,,,,,,,,,,,,,,
2019/10/25,330.9748571,332.04,1461.665,4115.117179,4122.022381,0,,,,,,,,,,,,,,,,,,
2019/10/26,91.1572619,79.11833333,1018.378333,3254.751658,2804.004926,0,,,,,,,,,,,,,,,,,,
2019/10/27,19.02535714,14.25,172.5691667,242.5076346,188.6378746,0,,,,,,,,,,,,,,,,,,
2019/10/28,0,0,0,0,0,0,,,,,,,,,,,,,,,,,,
2019/10/29,79.06272222,179.1375,598.7813333,159.7745959,60.84169173,0,,,,,,,,,,,,,,,,,,
2019/10/30,249.7211429,271.6,1136.28,245.9109961,158.8111063,0,,,,,,,,,,,,,,,,,,
2019/10/31,362.8828214,332.3916667,1194.983611,521.7956218,312.7199736,0,,,,,,,,,,,,,,,,,,
2019/11/1,400.0709524,304.4999524,1416.859698,661.1375334,428.2533849,0,,,,,,,,,,,,,,,,,,
2019/11/2,178.630381,114.7857143,871.3348571,952.2080796,596.4383378,0,,,,,,,,,,,,,,,,,,
2019/11/3,132.8966667,23.4,856.308,1380.621349,1046.809057,0,,,,,,,,,,,,,,,,,,
2019/11/4,328.5903333,265.2,1046.805,1126.451029,947.0834147,0,,,,,,,,,,,,,,,,,,
2019/11/5,354.5730769,334.6653846,1252.169231,656.7841492,486.8280784,0,,,,,,,,,,,,,,,,,,
2019/11/6,396.7935897,310.3596154,1228.982436,341.470173,161.590802,0,,,,,,,,,,,,,,,,,,
2019/11/7,533.9403095,397.4066667,1238.558909,584.844178,369.2425949,0,,,,,,,,,,,,,,,,,,
2019/11/8,747.4369037,340.2684127,1039.204048,2246.523896,1743.471145,0,,,,,,,,,,,,,,,,,,
2019/11/9,226.5509603,148.4890476,841.9257222,1292.996933,847.1287192,0,,,,,,,,,,,,,,,,,,
2019/11/10,192.9412817,18.7418254,786.3196786,253.0709965,333.6319582,0,,,,,,,,,,,,,,,,,,
2019/11/11,402.3769325,259.5478095,984.7049564,1218.844607,858.7001404,0,,,,,,,,,,,,,,,,,,
2019/11/12,422.6857024,369.6450397,1214.536571,2260.433116,1807.987867,0,,,,,,,,,,,,,,,,,,
2019/11/13,420.438131,387.2684127,1159.994556,956.0293494,810.1314812,0,,,,,,,,,,,,,,,,,,
2019/11/14,475.5443452,396.0554564,1118.382242,150.3168606,167.4875727,0,,,,,,,,,,,,,,,,,,
2019/11/15,553.0178194,390.4773214,1165.213421,219.0849143,259.3503297,0,,,,,,,,,,,,,,,,,,
2019/11/16,237.8227341,234.1604524,1020.092714,450.7639051,442.530791,0,,,,,,,,,,,,,,,,,,
2019/11/17,202.3770992,54.3134127,857.4437103,634.6476767,871.2295605,0,,,,,,,,,,,,,,,,,,
2019/11/18,309.7549643,219.0744643,1168.921321,1345.29551,1431.228212,0,,,,,,,,,,,,,,,,,,
2019/11/19,305.0221032,272.5994008,1075.245833,492.5166518,335.3635598,0,,,,,,,,,,,,,,,,,,
2019/11/20,313.8075476,239.71,985.9554048,287.9306522,345.3597851,0,,,,,,,,,,,,,,,,,,
2019/11/21,370.7799127,292.9141667,1185.63506,1830.303355,1386.802172,0,,,,,,,,,,,,,,,,,,
2019/11/22,348.3346429,317.6719762,1282.242337,2393.808364,2031.504267,0,,,,,,,,,,,,,,,,,,
2019/11/23,168.0455397,68.01767857,887.967246,2007.997815,1283.322146,0,,,,,,,,,,,,,,,,,,
2019/11/24,156.7035317,10.1547619,803.8529603,2178.5585,1819.387318,0,,,,,,,,,,,,,,,,,,
2019/11/25,360.7859087,250.9025,1307.76475,2233.006207,1669.131948,0,,,,,,,,,,,,,,,,,,
2019/11/26,423.7873254,345.6181429,1181.234556,1975.058889,807.1099507,0,,,,,,,,,,,,,,,,,,
2019/11/27,299.6085,171.1383333,1155.892639,520.1128968,131.9280672,0,,,,,,,,,,,,,,,,,,
2019/11/28,195.9981706,17.95706349,847.8770317,1220.625219,401.9542372,0,,,,,,,,,,,,,,,,,,
2019/11/29,193.7484643,15.28948413,861.9689286,1907.164651,929.2070574,0,,,,,,,,,,,,,,,,,,
2019/11/30,195.0235992,8.537777778,825.5036984,757.6892139,451.9206775,0,,,,,,,,,,,,,,,,,,
2019/12/1,193.9702262,6.541507936,825.6677183,394.553073,145.8122947,0,,,,,,,,,,,,,,,,,,
2019/12/2,496.0169643,155.0798413,1191.072976,1443.979169,408.8408484,0,,,,,,,,,,,,,,,,,,
2019/12/3,586.4469563,213.819373,1408.059869,1665.464746,844.6460418,0,,,,,,,,,,,,,,,,,,
2019/12/4,586.1645159,225.0370079,1488.626992,1549.504486,870.8435284,0,,,,,,,,,,,,,,,,,,
2019/12/5,487.0338929,220.38425,1593.963064,2326.260031,1772.237854,0,,,,,,,,,,,,,,,,,,
2019/12/6,452.9860754,219.4537976,1519.926599,1927.371038,1322.767769,0,,,,,,,,,,,,,,,,,,
2019/12/7,227.8047619,51.8175,724.7275357,185.251728,68.5679257,0,,,,,,,,,,,,,,,,,,
2019/12/8,14.08761905,1,43.50566667,114.5701284,99.48992482,0,,,,,,,,,,,,,,,,,,
2019/12/9,460.569619,180.2490952,1251.177671,2247.981689,1635.682197,0,,,,,,,,,,,,,,,,,,
2019/12/10,471.1731097,199.5179509,1344.697929,2217.080017,1522.579318,0,,,,,,,,,,,,,,,,,,
2019/12/11,537.8627262,215.9279921,1460.311821,2308.50679,1756.530036,0,,,,,,,,,,,,,,,,,,
2019/12/12,483.2642262,218.8786548,1263.806484,2317.106273,1679.082201,0,,,,,,,,,,,,,,,,,,
2019/12/13,450.0510516,202.354246,1315.088012,2278.775842,1659.41394,0,,,,,,,,,,,,,,,,,,
2019/12/14,259.7234405,59.9512619,856.3614394,1289.513342,608.4395475,0,,,,,,,,,,,,,,,,,,
2019/12/15,222.9585649,19.14444444,770.5958193,1542.49764,916.84702,0,,,,,,,,,,,,,,,,,,
2019/12/16,419.5482341,150.3776825,1287.301123,1899.767951,1130.811896,0,,,,,,,,,,,,,,,,,,
2019/12/17,525.2189682,206.9416797,1108.10957,1758.450267,880.5613618,0,,,,,,,,,,,,,,,,,,
2019/12/18,624.0688532,227.0366234,1100.835901,993.1810149,337.5670245,0,,,,,,,,,,,,,,,,,,
2019/12/19,480.3989113,219.6966627,1054.598683,2220.065422,1583.228171,0,,,,,,,,,,,,,,,,,,
2019/12/20,362.2118889,200.8661129,1107.149825,2269.867573,1958.719544,0,,,,,,,,,,,,,,,,,,
2019/12/21,210.1348467,73.43307792,847.659369,1654.582045,756.0534137,0,,,,,,,,,,,,,,,,,,
2019/12/22,192.8099841,10.50392857,820.0963052,1160.205309,366.0101755,0,,,,,,,,,,,,,,,,,,
2019/12/23,313.3795382,111.0174531,952.5905595,2065.782831,1397.129396,0,,,,,,,,,,,,,,,,,,
2019/12/24,174.813864,24.6806746,815.1803631,2009.405578,1234.323259,0,,,,,,,,,,,,,,,,,,
2019/12/25,169.3519199,6.598730158,793.7305238,1651.572359,918.8337587,0,,,,,,,,,,,,,,,,,,
2019/12/26,169.0206659,8.810714284,861.9679008,1244.43692,764.7610292,0,,,,,,,,,,,,,,,,,,
2019/12/27,168.9372424,14.03845238,845.5432623,2036.159232,1416.578085,0,,,,,,,,,,,,,,,,,,
2019/12/28,172.2486349,15.70686508,796.6723452,1600.976129,1139.098686,0,,,,,,,,,,,,,,,,,,
2019/12/29,170.2853106,14.08376984,788.9332897,1919.444047,1236.001153,0,,,,,,,,,,,,,,,,,,
2019/12/30,171.4638853,18.14084055,808.5095635,1185.177573,838.6257174,0,,,,,,,,,,,,,,,,,,
2019/12/31,173.4123485,15.62300144,830.7867897,2188.443183,1746.891241,0,,,,,,,,,,,,,,,,,,
2020/1/1,163.6803204,30.9291666,209.2753221,829.0844174,2245.831468,1741.450954,,,,,,,,,,,,,,,,,,
2020/1/2,319.0704167,155.2677381,345.9438453,1062.629802,2133.535424,1385.658084,,,,,,,,,,,,,,,,,,
2020/1/3,315.7689286,187.9176032,387.7693916,1144.539437,2240.197837,1720.033321,,,,,,,,,,,,,,,,,,
2020/1/4,182.4111111,57.11829365,205.8096198,807.4423001,1289.427266,804.5258017,,,,,,,,,,,,,,,,,,
2020/1/5,170.9338719,8.918730157,162.2505806,784.7612024,1662.078074,991.4377098,,,,,,,,,,,,,,,,,,
2020/1/6,461.2684751,166.5994286,397.5126655,1260.601383,2091.560271,1186.421723,,,,,,,,,,,,,,,,,,
2020/1/7,501.8019722,235.9403809,477.9947532,1420.883881,2044.874207,1359.773313,,,,,,,,,,,,,,,,,,
2020/1/8,539.6573095,232.3410866,492.1768618,1323.52796,2038.584664,1279.178884,,,,,,,,,,,,,,,,,,
2020/1/9,459.2010285,247.07036,479.7427683,1353.062774,1842.532204,685.9875713,,,,,,,,,,,,,,,,,,
2020/1/10,491.6019585,221.5975426,466.3750083,1156.166937,2024.313556,946.5602681,,,,,,,,,,,,,,,,,,
2020/1/11,257.7687814,72.21543651,252.5274216,970.9222659,996.9215713,502.4725678,,,,,,,,,,,,,,,,,,
2020/1/12,236.9196457,14.54196248,196.084484,840.6606944,1708.956801,946.0523628,,,,,,,,,,,,,,,,,,
2020/1/13,428.8918965,169.7768752,412.2632748,1261.203337,1738.381861,988.9949404,,,,,,,,,,,,,,,,,,
2020/1/14,478.4629643,213.1544682,456.5451967,1358.667193,1092.129789,227.547941,,,,,,,,,,,,,,,,,,
2020/1/15,459.8713687,233.7068521,479.6779655,1381.460853,2027.107643,425.2098047,,,,,,,,,,,,,,,,,,
2020/1/16,561.8882525,230.7121346,467.8451666,1213.533714,939.4932376,259.0248429,,,,,,,,,,,,,,,,,,
2020/1/17,595.417557,212.9806771,488.137157,1288.174786,1960.638753,349.2637002,,,,,,,,,,,,,,,,,,
2020/1/18,241.9633705,62.49642857,218.1579305,852.4780635,1351.317586,276.1863465,,,,,,,,,,,,,,,,,,
2020/1/19,216.3462229,21.40555555,188.7893305,827.929162,703.4998236,195.3148323,,,,,,,,,,,,,,,,,,
2020/1/20,170.6181939,94.82846539,261.7751935,895.5393432,2271.724113,1373.27325,,,,,,,,,,,,,,,,,,
2020/1/21,482.4488871,192.8023348,406.5608678,1161.103262,1319.439438,414.3966211,,,,,,,,,,,,,,,,,,
2020/1/22,630.2299192,218.120233,502.8872177,1312.993099,1841.312655,537.1926508,,,,,,,,,,,,,,,,,,
2020/1/23,464.1269278,242.933583,476.0043725,1396.211627,2113.964187,862.1516493,,,,,,,,,,,,,,,,,,
2020/1/24,407.0098618,195.8490465,410.1812755,1100.853865,2125.87303,952.3394566,,,,,,,,,,,,,,,,,,
2020/1/25,185.6042785,57.2329311,226.6435882,971.1567421,1955.611467,706.5820306,,,,,,,,,,,,,,,,,,
2020/1/26,157.3430123,7.132186145,164.1100403,818.8679939,1651.904008,327.5411218,,,,,,,,,,,,,,,,,,
2020/1/27,429.1104975,168.9718571,415.9888498,1460.99423,2035.908234,639.7896064,,,,,,,,,,,,,,,,,,
2020/1/28,426.9731094,184.5565371,431.6649332,1362.89937,2203.679708,973.8261692,,,,,,,,,,,,,,,,,,
2020/1/29,472.9082146,169.6246202,452.8401857,1478.175679,2171.762646,976.9495793,,,,,,,,,,,,,,,,,,
2020/1/30,389.2864134,183.7842803,436.5370974,1436.370175,2147.528081,935.9166764,,,,,,,,,,,,,,,,,,
2020/1/31,366.7696205,213.7822017,440.2294526,1417.197807,2235.294697,1185.616328,,,,,,,,,,,,,,,,,,
2020/2/1,160.0190429,92.8268254,244.364189,930.225482,2112.995225,901.6554478,,,,,,,,,,,,,,,,,,
2020/2/2,129.5974567,8.981374458,163.5881631,829.9425397,1458.757691,554.3547615,,,,,,,,,,,,,,,,,,
2020/2/3,332.1349675,153.0274603,370.4719752,1240.77498,1409.139176,297.2344076,,,,,,,,,,,,,,,,,,
2020/2/4,439.6786111,180.779881,435.30768,1388.723639,1883.965311,670.5381239,,,,,,,,,,,,,,,,,,
2020/2/5,484.3695556,208.72,475.9784262,1455.673829,2178.446758,1248.347111,,,,,,,,,,,,,,,,,,
2020/2/6,569.9458204,190.399075,515.729165,1551.870105,2296.423491,1547.771187,,,,,,,,,,,,,,,,,,
2020/2/7,501.806123,193.4548333,482.8767548,1348.282579,2374.827175,1747.657641,,,,,,,,,,,,,,,,,,
2020/2/8,183.8553849,64.79470238,243.9663836,992.7053492,1934.351842,695.042502,,,,,,,,,,,,,,,,,,
2020/2/9,159.2313135,21.95440476,170.2073259,827.4711746,1298.884265,370.2419807,,,,,,,,,,,,,,,,,,
2020/2/10,433.2076825,181.9288095,428.0363279,1497.079333,1810.990457,1134.027428,,,,,,,,,,,,,,,,,,
2020/2/11,522.6362053,171.4794708,442.6868728,1276.365323,2191.616988,1715.01988,,,,,,,,,,,,,,,,,,
2020/2/12,393.7098016,206.8541071,453.8835576,1432.232238,2598.313245,1929.658879,,,,,,,,,,,,,,,,,,
2020/2/13,392.7664564,236.6974167,471.8888822,1529.006079,2117.248923,1072.800986,,,,,,,,,,,,,,,,,,
2020/2/14,378.1618413,196.6216865,423.0054457,1379.530091,1819.577718,433.8400839,,,,,,,,,,,,,,,,,,
2020/2/15,191.0640556,52.13547619,217.5054641,889.8257821,2012.071198,752.482865,,,,,,,,,,,,,,,,,,
2020/2/16,170.4523088,11.41949134,169.6471595,810.3396432,2030.198477,769.6399348,,,,,,,,,,,,,,,,,,
2020/2/17,170.8255556,10.29457431,191.2066388,885.1390667,2215.275728,1429.799415,,,,,,,,,,,,,,,,,,
2020/2/18,362.0029318,148.820377,403.2777258,1433.803318,2341.195802,1493.092164,,,,,,,,,,,,,,,,,,
2020/2/19,469.773996,204.3812262,475.9283775,1496.988977,2288.931708,1273.125912,,,,,,,,,,,,,,,,,,
2020/2/20,533.8626905,208.9028611,503.8661739,1424.256072,2038.737591,1562.339357,,,,,,,,,,,,,,,,,,
2020/2/21,507.3983582,200.9674567,475.305849,1355.79426,2290.351789,1325.599314,,,,,,,,,,,,,,,,,,
2020/2/22,124.0683394,100.7493021,266.6965193,920.2643028,2415.590536,1781.104017,,,,,,,,,,,,,,,,,,
2020/2/23,108.1676323,77.38473835,250.1337577,927.1044248,2387.724954,1722.532986,,,,,,,,,,,,,,,,,,
2020/2/24,287.5491667,142.33,348.5578213,1286.796167,2464.567429,1727.562071,,,,,,,,,,,,,,,,,,
2020/2/25,470.7688333,199.5696667,464.3665712,1403.041,2860.872976,2371.192405,,,,,,,,,,,,,,,,,,
2020/2/26,424.2311667,212.5283333,457.1954385,1305.724833,3205.915667,2435.426667,,,,,,,,,,,,,,,,,,
2020/2/27,344.487,213.94,443.7324841,1422.106667,3389.446667,3055.732667,,,,,,,,,,,,,,,,,,
2020/2/28,314.7805,183.3596667,428.4261239,1358.2235,3349.619167,3089.723167,,,,,,,,,,,,,,,,,,
2020/2/29,100.5921667,53.64766667,204.9898568,891.0508333,2537.499619,2147.188976,,,,,,,,,,,,,,,,,,
2020/3/1,71.27833333,10.93,176.0639665,848.8273333,2525.295,2164.306833,,,,,,,,,,,,,,,,,,
2020/3/2,270.498,137.6466667,350.5229809,1295.499,2573.168667,2148.7655,,,,,,,,,,,,,,,,,,
2020/3/3,368.4581667,182.3526667,440.1931478,1449.538333,3210.483,2849.598333,,,,,,,,,,,,,,,,,,
2020/3/4,467.4923333,199.061,463.6859453,1285.027333,3351.856,2967.526,,,,,,,,,,,,,,,,,,
2020/3/5,533.2801667,217.2535,494.4885672,1324.8725,2940.187667,2585.155333,,,,,,,,,,,,,,,,,,
2020/3/6,513.8028333,222.6213333,505.6979376,1333.635833,2609.664667,2194.779833,,,,,,,,,,,,,,,,,,
2020/3/7,127.0838333,58.775,193.4301652,811.2973333,2158.334929,1638.19131,,,,,,,,,,,,,,,,,,
2020/3/8,82.61833334,10.48166667,167.2596755,820.6931667,2520.636333,2209.9125,,,,,,,,,,,,,,,,,,
2020/3/9,393.7293333,162.953,401.7454243,1237.962667,2774.496905,2400.097524,,,,,,,,,,,,,,,,,,
2020/3/10,579.9728333,208.9035,488.6011936,1345.983667,2158.156833,1742.369667,,,,,,,,,,,,,,,,,,
2020/3/11,528.833,199.5745,487.8617612,1204.6555,2964.823,2542.061667,,,,,,,,,,,,,,,,,,
2020/3/12,424.8617381,197.1492857,444.3409693,1178.387552,2933.391741,2542.530446,,,,,,,,,,,,,,,,,,
2020/3/13,427.8233929,196.8610913,433.2751251,961.8161035,2312.825812,1896.525748,,,,,,,,,,,,,,,,,,
2020/3/14,94.70706349,25.89753968,151.9365939,782.6512475,1469.931967,597.7446853,,,,,,,,,,,,,,,,,,
2020/3/15,86.62761905,20.58190476,163.1003638,832.2651724,1367.835138,693.1607301,,,,,,,,,,,,,,,,,,
2020/3/16,139.2611944,136.3283571,272.8280315,979.1457713,1904.250308,1582.075824,,,,,,,,,,,,,,,,,,
2020/3/17,97.96579365,31.10031746,190.7174605,759.4309877,2618.657967,2292.151356,,,,,,,,,,,,,,,,,,
2020/3/18,87.62879365,25.76785714,184.5394727,763.4072128,2643.768472,2329.007161,,,,,,,,,,,,,,,,,,
2020/3/19,60.76190476,24.28464286,184.6020861,836.5734445,2655.068624,2295.310521,,,,,,,,,,,,,,,,,,
2020/3/20,59.22174603,78.00785714,172.1888832,767.3658418,2058.288355,1330.232075,,,,,,,,,,,,,,,,,,
2020/3/21,49.24027778,6.580952379,124.946008,766.2092208,2122.189482,1570.620495,,,,,,,,,,,,,,,,,,
2020/3/22,49.94882756,10.99126984,132.8179466,767.0508258,2134.058163,1582.557119,,,,,,,,,,,,,,,,,,
2020/3/23,48.88,9.689523808,138.162644,804.9996061,1419.857497,1016.338383,,,,,,,,,,,,,,,,,,
2020/3/24,53.45063492,15.99686508,132.6020818,767.1796858,1328.06913,738.7379126,,,,,,,,,,,,,,,,,,
2020/3/25,55.95103175,61.61130953,156.8516315,840.7528784,1254.658001,987.0549512,,,,,,,,,,,,,,,,,,
2020/3/26,59.12128968,46.51234127,160.9946136,880.6312002,1560.607561,839.6632001,,,,,,,,,,,,,,,,,,
2020/3/27,50.93246032,18.67742064,139.0408679,774.0605675,1387.292769,914.9100546,,,,,,,,,,,,,,,,,,
2020/3/28,58.02583333,10.08285714,132.9797065,775.4416144,1853.746668,1098.861856,,,,,,,,,,,,,,,,,,
2020/3/29,62.0390873,17.21571429,138.3605232,803.7898925,1956.811174,1225.044843,,,,,,,,,,,,,,,,,,
2020/3/30,53.88480159,35.30202381,139.7004561,773.0587861,1962.982759,1046.505774,,,,,,,,,,,,,,,,,,
2020/3/31,57.13273809,17.48888889,135.3106133,774.3359127,2072.794116,1377.126188,,,,,,,,,,,,,,,,,,
2020/4/1,63.93309524,17.355,149.9581929,847.0654549,1994.708205,1188.550581,,,,,,,,,,,,,,,,,,
2020/4/2,46.30833333,11.99988095,150.0606911,927.8258737,1593.534509,617.4185818,,,,,,,,,,,,,,,,,,
2020/4/3,33.79468254,26.59511905,141.0159112,813.8432778,1718.270438,527.0388999,,,,,,,,,,,,,,,,,,
2020/4/4,34.74861111,7.394880955,132.5045247,799.1532421,1283.567491,469.8134594,,,,,,,,,,,,,,,,,,
2020/4/5,34.06880952,11.565,136.1129444,794.329663,855.311102,264.1693011,,,,,,,,,,,,,,,,,,
2020/4/6,32.22019841,18.04190476,127.6295727,765.5479924,1725.818023,919.0994067,,,,,,,,,,,,,,,,,,
2020/4/7,39.86710317,21.60706349,134.5446137,798.8403651,1743.503789,918.883293,,,,,,,,,,,,,,,,,,
2020/4/8,50.49751159,37.65822541,168.0257924,828.8107587,2470.748651,2075.904474,,,,,,,,,,,,,,,,,,
2020/4/9,35.55099206,27.17682539,142.8145755,798.7661645,2478.189747,2158.633181,,,,,,,,,,,,,,,,,,
2020/4/10,49.24692944,39.85628504,186.5836799,830.4462404,2612.578991,2206.060523,,,,,,,,,,,,,,,,,,
2020/4/11,31.94273809,10.26238095,126.6440348,784.0285945,2212.156659,1607.684533,,,,,,,,,,,,,,,,,,
2020/4/12,33.1786508,10.75269841,133.924492,786.0261111,2361.163103,1851.74297,,,,,,,,,,,,,,,,,,
2020/4/13,33.71880953,9.469007936,154.2596782,849.3370556,2465.965733,2100.588094,,,,,,,,,,,,,,,,,,
2020/4/14,40.39873016,29.81301587,196.2090358,830.6736093,2975.712953,2723.524085,,,,,,,,,,,,,,,,,,
2020/4/15,35.1531746,25.87246032,207.7681046,819.1942226,3226.438249,2868.496443,,,,,,,,,,,,,,,,,,
2020/4/16,52.17329365,53.08178572,198.9659837,801.4258611,2689.239765,2361.718067,,,,,,,,,,,,,,,,,,
2020/4/17,30.34507937,29.94920996,151.2355488,815.3329098,2255.135368,1785.344455,,,,,,,,,,,,,,,,,,
2020/4/18,30.89386905,12.22904762,128.3591191,811.3082403,1872.184447,952.5945013,,,,,,,,,,,,,,,,,,
2020/4/19,30.9484127,9.894563492,134.2758682,792.2332381,2399.212259,1971.453722,,,,,,,,,,,,,,,,,,
2020/4/20,29.64365079,9.02861111,147.1777146,850.5239841,2442.176621,2009.652821,,,,,,,,,,,,,,,,,,
2020/4/21,36.53414142,22.69619048,172.5932098,856.9753506,2600.583675,2245.18443,,,,,,,,,,,,,,,,,,
2020/4/22,54.8575,59.02238095,216.3089634,886.8334325,2862.789572,2572.245704,,,,,,,,,,,,,,,,,,
2020/4/23,36.91968254,53.82873016,209.8061603,794.215062,3106.362815,2783.965128,,,,,,,,,,,,,,,,,,
2020/4/24,24.47968254,45.09869048,214.3596472,788.6670317,3441.190721,3111.986708,,,,,,,,,,,,,,,,,,
2020/4/25,36.42234127,20.945,195.4448553,783.7806667,3378.740522,3008.236036,,,,,,,,,,,,,,,,,,
2020/4/26,29.14416667,9.851349206,156.8050504,819.9289881,2723.958014,2353.982523,,,,,,,,,,,,,,,,,,
2020/4/27,35.67984127,46.6968254,209.1970647,840.7366944,3097.525765,2758.780839,,,,,,,,,,,,,,,,,,
2020/4/28,33.40045635,48.79464286,227.3877884,815.5050397,3426.707839,3088.77339,,,,,,,,,,,,,,,,,,
2020/4/29,32.2506746,55.0118254,197.0078325,818.9312817,2952.404673,2585.98174,,,,,,,,,,,,,,,,,,
2020/4/30,35.79777778,32.09654762,176.36046,818.6020198,2818.721696,2448.213925,,,,,,,,,,,,,,,,,,
2020/5/1,31.58626984,34.03518254,190.8470295,821.527623,2870.058208,2508.31299,,,,,,,,,,,,,,,,,,
2020/5/2,23.92174603,18.98361111,143.2163739,769.9676468,2383.582405,1883.332299,,,,,,,,,,,,,,,,,,
2020/5/3,21.74214285,3.20873016,150.5661037,912.4704881,2522.006023,2154.817346,,,,,,,,,,,,,,,,,,
2020/5/4,23.95519841,21.23896825,184.2664079,834.8168056,2983.90731,2607.751571,,,,,,,,,,,,,,,,,,
2020/5/5,41.23952381,91.35357143,241.1970017,808.8582421,3028.429259,2617.57172,,,,,,,,,,,,,,,,,,
2020/5/6,23.03801587,21.46496753,181.6518744,802.3016858,3078.937772,2653.263969,,,,,,,,,,,,,,,,,,
2020/5/7,33.14666667,81.94666667,248.3225107,833.9803135,3743.368124,3326.534414,,,,,,,,,,,,,,,,,,
2020/5/8,34.45984151,42.00691767,220.1787233,800.179091,3821.939388,3413.346673,,,,,,,,,,,,,,,,,,
2020/5/9,25.09383477,20.52428211,147.5888611,785.9257417,2602.483077,2206.678241,,,,,,,,,,,,,,,,,,
2020/5/10,22.91166667,5.563376622,122.3445481,779.620355,2409.482336,2013.682528,,,,,,,,,,,,,,,,,,
2020/5/11,27.12438312,46.25184527,179.0614254,837.8245572,2599.278691,2169.136425,,,,,,,,,,,,,,,,,,
2020/5/12,28.59572871,22.5745671,137.9015989,821.848904,2240.672253,1551.164569,,,,,,,,,,,,,,,,,,
2020/5/13,23.52964286,11.40794011,152.3679303,851.3748084,2489.630557,2025.123718,,,,,,,,,,,,,,,,,,
2020/5/14,55.77075397,13.72781746,155.5363721,806.5610631,2609.2854,2152.243883,,,,,,,,,,,,,,,,,,
2020/5/15,41.21722583,25.07242424,181.8660014,841.4168185,2787.185516,2383.978464,,,,,,,,,,,,,,,,,,
2020/5/16,33.21170635,10.37239178,143.4194137,792.910074,2521.910255,1947.129253,,,,,,,,,,,,,,,,,,
2020/5/17,34.20888167,13.7066847,138.4584269,790.3299109,2326.75322,1805.090718,,,,,,,,,,,,,,,,,,
2020/5/18,33.51507937,17.00345599,144.3771588,846.9381526,1974.427118,1323.597965,,,,,,,,,,,,,,,,,,
2020/5/19,53.27069986,17.74303391,186.5297117,925.7782742,2563.357517,2016.026095,,,,,,,,,,,,,,,,,,
2020/5/20,41.65373016,59.34105339,196.7710088,832.4747587,2718.800446,2298.423984,,,,,,,,,,,,,,,,,,
2020/5/21,71.78261905,41.63434704,200.0730851,834.3197735,2674.101541,2219.222495,,,,,,,,,,,,,,,,,,
2020/5/22,61.71646825,48.07979798,213.6455428,873.7698593,2789.544961,2295.972698,,,,,,,,,,,,,,,,,,
2020/5/23,54.73504329,6.832094154,169.752406,843.1081569,2599.876988,1809.015132,,,,,,,,,,,,,,,,,,
2020/5/24,55.18996031,4.354379507,189.9709074,829.690653,3025.482764,2490.147914,,,,,,,,,,,,,,,,,,
2020/5/25,32.79412698,5.143780661,226.2785552,815.7497507,4003.362562,3480.018984,,,,,,,,,,,,,,,,,,
2020/5/26,37.68242064,15.44675685,238.9555724,826.0231086,4344.895464,3742.891668,,,,,,,,,,,,,,,,,,
2020/5/27,53.82179293,54.07508478,274.1185289,836.8305649,4895.196376,4222.910968,,,,,,,,,,,,,,,,,,
2020/5/28,61.95073233,58.85532107,228.9505513,836.3744235,3165.056359,2649.819809,,,,,,,,,,,,,,,,,,
2020/5/29,61.24051587,17.33866522,162.2728397,829.0605628,2486.622148,1829.506089,,,,,,,,,,,,,,,,,,
2020/5/30,47.58034993,9.295714286,134.3010342,775.0908149,1685.61193,788.3618128,,,,,,,,,,,,,,,,,,
2020/5/31,45.94960317,13.80621934,141.9872053,809.8216205,2334.966473,1691.315504,,,,,,,,,,,,,,,,,,
2020/6/1,55.49832251,23.8554329,164.7349093,798.6512868,2668.957755,2173.812298,,,,,,,,,,,,,,,,,,
2020/6/2,61.1099495,46.2230303,218.1220596,793.0038792,3454.306589,2947.495954,,,,,,,,,,,,,,,,,,
2020/6/3,82.50349911,63.1257137,258.5464443,861.9230481,4040.254088,3439.359186,,,,,,,,,,,,,,,,,,
2020/6/4,34.42960318,63.29474387,228.0143627,803.4684069,3752.929102,3218.889023,,,,,,,,,,,,,,,,,,
2020/6/5,12.82954184,35.08074675,158.1701418,819.1263189,1392.43768,1052.202364,,,,,,,,,,,,,,,,,,
2020/6/6,27.97551227,10.95905483,139.3428785,797.3440408,915.1093741,270.1210421,,,,,,,,,,,,,,,,,,
2020/6/7,28.42830087,14.95364718,136.3453752,835.8440588,1603.264502,882.146057,,,,,,,,,,,,,,,,,,
2020/6/8,36.55103174,30.45170635,172.3320461,825.6423488,2631.934703,2080.027009,,,,,,,,,,,,,,,,,,
2020/6/9,19.34935065,34.51634199,204.1260574,838.8232915,3379.303794,2916.462575,,,,,,,,,,,,,,,,,,
2020/6/10,20.69412698,17.9682215,191.1651177,836.7333445,3490.300631,3034.520321,,,,,,,,,,,,,,,,,,
2020/6/11,23.1084127,70.56170635,219.3160167,822.192474,3418.91138,2954.660939,,,,,,,,,,,,,,,,,,
2020/6/12,19.49976912,16.75766955,150.5328459,806.9438286,2483.164569,1900.741954,,,,,,,,,,,,,,,,,,
2020/6/13,10.02976191,12.55842713,126.5717718,807.205667,1805.756969,820.6665093,,,,,,,,,,,,,,,,,,
2020/6/14,9.26985209,13.72503607,132.0821246,840.9721677,2380.24437,1681.599812,,,,,,,,,,,,,,,,,,
2020/6/15,9.80269841,17.76914863,160.2873278,827.1923027,2858.677476,2394.868608,,,,,,,,,,,,,,,,,,
2020/6/16,20.40933261,42.74698774,200.1172898,913.9332233,2776.812769,2319.162028,,,,,,,,,,,,,,,,,,
2020/6/17,10.02778499,19.68051587,193.7185734,822.0538474,3301.481155,2761.197246,,,,,,,,,,,,,,,,,,
2020/6/18,28.00590188,32.50153319,229.0471612,807.3884354,4134.378555,3545.624391,,,,,,,,,,,,,,,,,,
2020/6/19,14.30398268,13.63161617,159.2887303,808.7831786,3021.019519,2507.320636,,,,,,,,,,,,,,,,,,
2020/6/20,8.493066378,13.23813852,125.5330229,801.670246,2235.669485,1210.614814,,,,,,,,,,,,,,,,,,
2020/6/21,8.962196968,14.04695887,162.0803762,824.7379683,2832.959707,2192.006474,,,,,,,,,,,,,,,,,,
2020/6/22,17.92699856,13.90572871,155.5400249,809.8993442,2720.931294,2233.197232,,,,,,,,,,,,,,,,,,
2020/6/23,26.82218254,18.52395743,141.2554199,823.5937677,2491.766621,2040.458078,,,,,,,,,,,,,,,,,,
2020/6/24,18.8950469,18.07430736,151.0959022,859.7861869,2504.275917,2049.153042,,,,,,,,,,,,,,,,,,
2020/6/25,24.00434704,44.69273809,172.8182102,812.2742561,2588.773947,2125.43588,,,,,,,,,,,,,,,,,,
2020/6/26,9.075227269,10.3899026,126.4458196,818.1630238,2449.550156,2016.212228,,,,,,,,,,,,,,,,,,
2020/6/27,8.707579366,11.80829365,130.7928864,805.1702251,2119.200997,918.9363267,,,,,,,,,,,,,,,,,,
2020/6/28,8.148373014,11.22885281,135.8339777,843.192618,688.3213585,147.8216169,,,,,,,,,,,,,,,,,,
2020/6/29,13.72226191,49.34860101,158.9821901,876.0573315,2414.664352,1884.193285,,,,,,,,,,,,,,,,,,
2020/6/30,26.59524892,64.08805555,215.9215015,893.9329892,3008.511824,2576.504603,,,,,,,,,,,,,,,,,,
2020/7/1,11.49504329,28.58387446,167.5306976,892.3422161,2651.114194,2165.919844,,,,,,,,,,,,,,,,,,
2020/7/2,9.495645742,39.81403319,162.3721759,884.5101865,2385.695122,1711.323717,,,,,,,,,,,,,,,,,,
2020/7/3,5.611825396,10.68674242,135.5570272,885.8265738,2389.801728,1898.347245,,,,,,,,,,,,,,,,,,
2020/7/4,5.477489176,12.97591991,156.9352283,847.9652976,2671.610848,2115.580786,,,,,,,,,,,,,,,,,,
2020/7/5,5.558268396,16.0072619,201.0521216,886.1814206,3303.816285,2811.105251,,,,,,,,,,,,,,,,,,
2020/7/6,7.12587662,19.10517316,222.0279205,1069.199339,3113.905208,2545.934936,,,,,,,,,,,,,,,,,,
2020/7/7,29.98833694,57.0230772,216.6414784,920.1210913,3033.152595,2492.711984,,,,,,,,,,,,,,,,,,
2020/7/8,17.70179293,24.3016342,202.8838665,915.1308701,3215.022864,2698.704423,,,,,,,,,,,,,,,,,,
2020/7/9,26.46238095,82.68621032,222.8281077,892.653908,3100.750038,2604.883648,,,,,,,,,,,,,,,,,,
2020/7/10,12.39450938,53.64715729,208.3097938,860.0863294,3232.98773,2728.729164,,,,,,,,,,,,,,,,,,
2020/7/11,109.0398768,82.04202284,253.2077364,924.4758431,2406.21861,1789.458104,,,,,,,,,,,,,,,,,,
2020/7/12,121.5086822,84.91003196,265.5501323,955.3761269,2562.091529,1915.599394,,,,,,,,,,,,,,,,,,
2020/7/13,120.6371305,90.01769131,267.2549397,947.7364519,2531.73992,1885.055907,,,,,,,,,,,,,,,,,,
2020/7/14,102.8280779,119.9175584,276.28245,933.3513541,2526.090329,1905.818356,,,,,,,,,,,,,,,,,,
2020/7/15,10.76115079,70.18813492,153.308259,738.954254,2474.375993,2068.019614,,,,,,,,,,,,,,,,,,
2020/7/16,6.365303028,61.31640079,166.7436665,889.491131,2395.456512,1982.81159,,,,,,,,,,,,,,,,,,
2020/7/17,6.602380955,29.47520491,138.2639755,813.7155429,2382.012008,1801.510462,,,,,,,,,,,,,,,,,,
2020/7/18,6.318903324,24.94737951,123.6168218,828.2024773,2234.594185,1600.256025,,,,,,,,,,,,,,,,,,
2020/7/19,5.989841276,16.79255051,143.3832294,846.7724419,2460.102287,1998.535575,,,,,,,,,,,,,,,,,,
2020/7/20,5.567593801,56.00640043,182.8241511,1017.449292,2357.638041,1767.713058,,,,,,,,,,,,,,,,,,
2020/7/21,5.658354975,49.7747583,150.0704771,858.1958312,2414.536796,1869.343931,,,,,,,,,,,,,,,,,,
2020/7/22,5.220609667,80.97834668,162.7794785,839.7923957,2156.743472,1234.784851,,,,,,,,,,,,,,,,,,
2020/7/23,6.023506491,127.3929398,218.7257138,894.8143153,2481.594266,1987.306231,,,,,,,,,,,,,,,,,,
2020/7/24,6.230966813,55.0568254,175.270314,940.6398239,2514.670379,1927.531177,,,,,,,,,,,,,,,,,,
2020/7/25,5.451926406,17.02311328,124.4220644,819.2364246,2253.931828,1593.025735,,,,,,,,,,,,,,,,,,
2020/7/26,5.636536798,18.54562049,151.302767,860.7003875,2532.178504,2050.795325,,,,,,,,,,,,,,,,,,
2020/7/27,7.93115801,56.61652778,183.5200262,856.2080866,2665.593835,2200.021619,,,,,,,,,,,,,,,,,,
2020/7/28,6.541172441,49.86694877,179.3715575,862.6941241,2675.20512,2213.741065,,,,,,,,,,,,,,,,,,
2020/7/29,7.244873741,79.81019769,195.8337735,843.0306952,2732.592824,2239.305497,,,,,,,,,,,,,,,,,,
2020/7/30,9.508874465,117.6467756,219.098359,888.2156836,2660.869209,2204.550147,,,,,,,,,,,,,,,,,,
2020/7/31,84.38995291,101.8240077,255.7477525,924.1223309,2735.755263,2169.551567,,,,,,,,,,,,,,,,,,
2020/8/1,6.586933628,21.75410534,160.1353365,812.3354019,2663.099863,1894.673116,,,,,,,,,,,,,,,,,,
2020/8/2,7.881789326,14.50414863,156.5288722,802.2518532,2803.291687,2333.390254,,,,,,,,,,,,,,,,,,
2020/8/3,8.52044733,24.92916667,217.2908384,880.2505278,3510.202783,2982.345943,,,,,,,,,,,,,,,,,,
2020/8/4,13.20821428,142.4573416,244.429467,933.5922323,2784.220357,2252.411354,,,,,,,,,,,,,,,,,,
2020/8/5,12.53273449,88.01357865,160.2616968,833.4636227,2098.314865,1324.346202,,,,,,,,,,,,,,,,,,
2020/8/6,12.72924243,69.3529127,185.9118515,829.032439,2407.772144,1685.761473,,,,,,,,,,,,,,,,,,
2020/8/7,17.4231241,56.35932359,187.9743816,810.4285411,2932.578826,2421.256552,,,,,,,,,,,,,,,,,,
2020/8/8,15.82757937,21.95804473,137.127681,802.9385747,2453.552946,1963.565026,,,,,,,,,,,,,,,,,,
2020/8/9,15.23491703,18.15249279,163.3602147,795.0703824,2898.585137,2455.178273,,,,,,,,,,,,,,,,,,
2020/8/10,34.61304792,46.47835445,192.1928326,867.3047185,2753.381166,2236.712714,,,,,,,,,,,,,,,,,,
2020/8/11,17.20554098,135.5584608,220.7636181,914.6967275,2463.674199,1926.761823,,,,,,,,,,,,,,,,,,
2020/8/12,15.56048341,106.370351,220.1949327,906.5901133,2841.291192,2348.839226,,,,,,,,,,,,,,,,,,
2020/8/13,21.58184822,50.56652338,202.1258586,834.1785074,3245.928988,2771.295432,,,,,,,,,,,,,,,,,,
2020/8/14,14.12279942,54.5345202,258.8811496,867.7963752,4710.809037,4118.092435,,,,,,,,,,,,,,,,,,
2020/8/15,10.9356746,17.2402381,235.0746973,811.6446663,4970.107167,4170.784975,,,,,,,,,,,,,,,,,,
2020/8/16,10.59136002,17.68782467,237.955649,805.5535913,5242.118225,4431.300201,,,,,,,,,,,,,,,,,,
2020/8/17,10.58876984,47.9850938,256.6896426,826.1357854,4568.738124,3870.147512,,,,,,,,,,,,,,,,,,
2020/8/18,11.38145383,163.4940404,301.5866385,866.4161966,4766.843137,4056.959557,,,,,,,,,,,,,,,,,,
2020/8/19,9.69611111,67.61557937,267.1762384,840.084526,4900.457951,4292.992894,,,,,,,,,,,,,,,,,,
2020/8/20,12.17174603,66.33644445,213.5528905,833.7845487,3613.709861,2956.947925,,,,,,,,,,,,,,,,,,
2020/8/21,11.5999495,76.62138889,214.9005642,868.4128016,3617.961531,2870.78419,,,,,,,,,,,,,,,,,,
2020/8/22,9.985357141,27.77646825,216.5665779,780.0731241,4069.611151,3088.274186,,,,,,,,,,,,,,,,,,
2020/8/23,10.14022727,17.22390693,224.5277352,779.4157071,3987.945872,3057.282319,,,,,,,,,,,,,,,,,,
2020/8/24,9.82407287,59.83766053,267.6099106,963.0475949,4211.780424,3189.133389,,,,,,,,,,,,,,,,,,
2020/8/25,16.01171717,135.7362265,292.3346824,867.1872572,4150.9505,3529.972528,,,,,,,,,,,,,,,,,,
2020/8/26,11.24784993,73.13927525,275.4179221,864.7050462,4053.166639,3615.630888,,,,,,,,,,,,,,,,,,
2020/8/27,16.31854979,148.0990592,279.7870203,839.7044502,3498.405223,3255.699467,,,,,,,,,,,,,,,,,,
2020/8/28,13.30727994,94.91167713,269.620486,821.8641407,3929.999204,3477.195674,,,,,,,,,,,,,,,,,,
2020/8/29,17.03588024,15.19039683,198.7253896,792.9895054,3329.037362,2958.53104,,,,,,,,,,,,,,,,,,
2020/8/30,17.02763709,18.93039322,213.4205638,789.2954001,3464.106188,3060.814037,,,,,,,,,,,,,,,,,,
2020/8/31,15.19331169,42.61938492,249.1648407,857.4215209,3773.860748,3204.089872,,,,,,,,,,,,,,,,,,
2020/9/1,12.46666667,177.5688333,223.0582532,872.7756667,2592.675939,1890.876125,,,,,,,,,,,,,,,,,,
2020/9/2,15.03607143,69.72,172.2008575,846.708619,2426.282061,1765.497798,,,,,,,,,,,,,,,,,,
2020/9/3,15.005,97.96666667,179.4383361,819.6898333,2373.402097,1694.250131,,,,,,,,,,,,,,,,,,
2020/9/4,16.1725,91.59333333,181.5580948,845.5875,2485.575997,1826.111045,,,,,,,,,,,,,,,,,,
2020/9/5,14.51666667,15.6425,114.5384046,781.0025833,2266.202535,1632.007611,,,,,,,,,,,,,,,,,,
2020/9/6,17.94045156,58.21666667,154.1748623,811.1175,2372.83917,1717.871231,,,,,,,,,,,,,,,,,,
2020/9/7,20.47705753,21.31666667,130.6208155,817.5096667,2275.637938,1635.850629,,,,,,,,,,,,,,,,,,
2020/9/8,13.20803068,92.30583333,185.5244188,845.2356289,2442.086146,1763.441264,,,,,,,,,,,,,,,,,,
2020/9/9,9.470833335,116.8316667,203.3247303,886.7641667,2508.904411,1831.913617,,,,,,,,,,,,,,,,,,
2020/9/10,11.3625,125.583,201.1658845,849.6075,2468.682095,1790.690835,,,,,,,,,,,,,,,,,,
2020/9/11,11.41706349,93.68930556,212.1996877,984.3270318,2653.141928,1998.917193,,,,,,,,,,,,,,,,,,
2020/9/12,13.56636003,17.38189394,221.1222297,789.9935786,3804.754953,3092.424468,,,,,,,,,,,,,,,,,,
2020/9/13,13.86260823,19.44428572,236.2164228,789.3558791,3752.989133,3207.836513,,,,,,,,,,,,,,,,,,
2020/9/14,12.06200577,74.15574243,258.2984283,826.3380437,3706.878944,3120.659002,,,,,,,,,,,,,,,,,,
2020/9/15,10.47271284,177.3493658,311.4738465,903.2589167,4055.370288,3305.022848,,,,,,,,,,,,,,,,,,
2020/9/16,10.82770202,184.3431205,308.7626743,866.6024913,3941.249311,3331.056179,,,,,,,,,,,,,,,,,,
2020/9/17,11.9901443,93.46252526,223.674702,923.6136594,3001.186484,2317.30565,,,,,,,,,,,,,,,,,,
2020/9/18,12.10113997,73.98983117,169.3705576,815.8635105,2600.334678,1781.517183,,,,,,,,,,,,,,,,,,
2020/9/19,11.3878355,22.03459957,143.440744,788.5122839,2493.810746,1429.451687,,,,,,,,,,,,,,,,,,
2020/9/20,11.44524531,14.70698052,171.276005,788.4207605,3029.740186,2252.253969,,,,,,,,,,,,,,,,,,
2020/9/21,10.18816017,85.55660931,199.7076081,874.3032103,2878.203995,2153.421868,,,,,,,,,,,,,,,,,,
2020/9/22,9.499217172,161.771623,253.5662018,956.4183622,2883.036958,2114.173753,,,,,,,,,,,,,,,,,,
2020/9/23,11.79809524,64.09948413,198.56429,846.4718607,3092.891181,2459.970955,,,,,,,,,,,,,,,,,,
2020/9/24,10.43414502,68.08488636,199.099179,843.8214499,3153.63296,2513.576204,,,,,,,,,,,,,,,,,,
2020/9/25,21.20613365,96.51665717,225.7129928,915.5976393,2994.139932,2345.61915,,,,,,,,,,,,,,,,,,
2020/9/26,14.03702381,21.80452381,171.9962214,793.2920649,2802.070295,1737.134373,,,,,,,,,,,,,,,,,,
2020/9/27,13.43844516,14.86586941,198.1037768,764.8927413,3527.500393,2944.333851,,,,,,,,,,,,,,,,,,
2020/9/28,11.42131674,87.03284921,243.2569623,813.9738983,4709.180931,3937.79024,,,,,,,,,,,,,,,,,,
2020/9/29,10.45679293,82.0817381,212.3238102,861.29004,3046.131223,2434.388987,,,,,,,,,,,,,,,,,,
2020/9/30,10.24215007,81.24722764,195.2223959,879.5245509,3050.244605,2399.307601,,,,,,,,,,,,,,,,,,
2020/10/1,11.68440476,99.44812951,274.1702263,821.6094192,5164.25299,4308.843318,,,,,,,,,,,,,,,,,,
2020/10/2,13.46013708,93.31407287,271.4623499,822.2880411,5092.21734,4333.312957,,,,,,,,,,,,,,,,,,
2020/10/3,12.47818542,24.03967172,235.5934431,770.3332226,4396.551728,3781.552158,,,,,,,,,,,,,,,,,,
2020/10/4,12.22869048,16.56132035,233.3088591,780.3903633,4175.0446,3485.484037,,,,,,,,,,,,,,,,,,
2020/10/5,9.754440836,97.63320346,264.6322528,831.1543276,3858.650602,3139.89438,,,,,,,,,,,,,,,,,,
2020/10/6,36.33531242,93.96722912,222.0670872,913.2527853,2610.971837,1979.666678,,,,,,,,,,,,,,,,,,
2020/10/7,41.65533183,50.85623071,183.0263183,859.3750394,2542.319804,1853.916961,,,,,,,,,,,,,,,,,,
2020/10/8,113.532952,78.62515859,248.7817942,941.0236324,2113.738162,1573.126292,,,,,,,,,,,,,,,,,,
2020/10/9,134.2132109,75.92995412,206.9895657,956.7131246,39.29624105,11.99672399,,,,,,,,,,,,,,,,,,
2020/10/10,25.55708875,25.01542073,133.8282032,686.5692069,2255.651962,132.1500992,,,,,,,,,,,,,,,,,,
2020/10/11,20.95718254,16.16029581,125.5486358,631.1773106,2808.321713,385.1725808,,,,,,,,,,,,,,,,,,
2020/10/12,28.4019026,88.94854249,203.4418471,730.7326669,3124.104857,907.0502156,,,,,,,,,,,,,,,,,,
2020/10/13,27.53239677,93.13336575,229.6955948,812.7321125,3587.005456,1236.235416,,,,,,,,,,,,,,,,,,
2020/10/14,34.51128748,61.51760759,225.9563856,823.7616029,3951.292681,1828.94671,,,,,,,,,,,,,,,,,,
2020/10/15,31.00113586,124.5821109,277.815098,806.3734442,4602.866272,2325.488161,,,,,,,,,,,,,,,,,,
2020/10/16,26.67988467,78.81633316,214.7395413,806.8246761,3491.664781,3011.32057,,,,,,,,,,,,,,,,,,
2020/10/17,19.54102814,23.96237013,231.5974486,774.317447,4741.043898,4070.051201,,,,,,,,,,,,,,,,,,
2020/10/18,19.44099206,17.99631313,222.5750831,761.5035664,4022.272765,3470.29541,,,,,,,,,,,,,,,,,,
2020/10/19,15.33904401,97.93143218,184.8849072,788.8269628,2340.742934,1630.222836,,,,,,,,,,,,,,,,,,
2020/10/20,12.56041667,178.3865631,251.1326512,847.0623355,2545.110173,2185.418951,,,,,,,,,,,,,,,,,,
2020/10/21,13.86976191,191.1687742,249.286785,860.0133175,1832.413328,2077.630479,,,,,,,,,,,,,,,,,,
2020/10/22,11.63936509,81.72889178,160.0066111,831.0413849,1229.732137,1062.113759,,,,,,,,,,,,,,,,,,
2020/10/23,18.31656458,58.0435814,165.3763668,814.2381495,184.0654368,215.3660004,,,,,,,,,,,,,,,,,,
2020/10/24,14.69928571,30.02371573,144.8127501,777.0913799,28.7978397,63.16367561,,,,,,,,,,,,,,,,,,
2020/10/25,15.26134199,14.15380952,135.3525178,770.3419358,189.4385182,81.64007697,,,,,,,,,,,,,,,,,,
2020/10/26,16.0539394,21.01376804,133.3323856,766.1871721,323.191721,198.4768701,,,,,,,,,,,,,,,,,,
2020/10/27,12.33221861,177.5208207,220.3037774,856.5160819,619.4575779,688.5693522,,,,,,,,,,,,,,,,,,
2020/10/28,9.138603895,105.084246,201.8958834,803.710671,2765.242575,2172.011304,,,,,,,,,,,,,,,,,,
2020/10/29,8.354559883,188.5564827,241.1775309,782.2975465,2809.319057,2217.676026,,,,,,,,,,,,,,,,,,
2020/10/30,9.535909089,87.44928572,169.0156309,750.5572431,2631.39774,1928.84097,,,,,,,,,,,,,,,,,,
2020/10/31,11.44790765,34.81367604,148.3383108,737.9597042,2689.02138,1983.040718,,,,,,,,,,,,,,,,,,
2020/11/1,8.963340547,16.15271645,143.1795371,727.5933994,2715.483909,1928.741827,,,,,,,,,,,,,,,,,,
2020/11/2,8.613896105,77.91475108,185.7682354,760.6602839,2669.572188,2597.218709,,,,,,,,,,,,,,,,,,
2020/11/3,6.656681093,163.7762388,200.5596329,831.1254004,431.4366708,433.9280832,,,,,,,,,,,,,,,,,,
2020/11/4,7.454621209,136.4802547,194.2467052,824.5445667,1858.639297,1516.629294,,,,,,,,,,,,,,,,,,
2020/11/5,9.798906924,115.3817154,207.724716,932.0888521,1262.438633,901.9846012,,,,,,,,,,,,,,,,,,
2020/11/6,4.885927128,137.9774711,199.2228488,902.4314426,356.47979,161.3784334,,,,,,,,,,,,,,,,,,
2020/11/7,4.39280303,41.18691559,142.8143684,797.6963817,1931.401912,535.3421375,,,,,,,,,,,,,,,,,,
2020/11/8,4.478380232,6.98728355,125.8642253,830.4994805,1764.722538,615.1950485,,,,,,,,,,,,,,,,,,
2020/11/9,4.969801588,49.63215729,143.8773453,811.024627,2200.728945,1259.498958,,,,,,,,,,,,,,,,,,
2020/11/10,13.10333334,96.96291126,186.5216468,839.0555314,2360.144663,1601.206001,,,,,,,,,,,,,,,,,,
2020/11/11,8.502619046,55.33073809,162.5657209,871.629127,2438.139105,1596.428742,,,,,,,,,,,,,,,,,,
2020/11/12,11.96511905,76.49480952,186.3989107,953.6060079,2389.758225,1513.434619,,,,,,,,,,,,,,,,,,
2020/11/13,4.375833332,25.40547619,139.2408795,856.8216667,1949.010119,1383.857731,,,,,,,,,,,,,,,,,,
2020/11/14,3.499523813,9.412936508,124.507479,771.1491111,494.7838571,264.7327478,,,,,,,,,,,,,,,,,,
2020/11/15,3.992380951,6.304285713,125.8830706,761.6329167,1042.959226,355.8646944,,,,,,,,,,,,,,,,,,
2020/11/16,17.09284735,89.69757874,189.8771536,877.0811386,658.6360993,440.934997,,,,,,,,,,,,,,,,,,
2020/11/17,10.60742063,102.0045675,174.5641227,854.4499643,172.9359942,80.93366667,,,,,,,,,,,,,,,,,,
2020/11/18,11.24225325,42.38877418,153.2195126,837.2151413,231.737489,148.6276952,,,,,,,,,,,,,,,,,,
2020/11/19,8.732887714,43.52518637,150.3982559,826.584138,792.9554595,466.1526021,,,,,,,,,,,,,,,,,,
2020/11/20,0.927420636,44.51021645,152.5609078,905.4762017,2294.254631,1483.18733,,,,,,,,,,,,,,,,,,
2020/11/21,0.394444445,11.58830267,127.9393433,783.3152183,2088.303885,757.2422421,,,,,,,,,,,,,,,,,,
2020/11/22,0.649722222,3.897222222,113.6058116,780.6638636,2260.005262,1474.851571,,,,,,,,,,,,,,,,,,
2020/11/23,3.898690475,32.23021429,138.5267451,834.1214473,2432.408016,1654.78525,,,,,,,,,,,,,,,,,,
2020/11/24,12.91971501,55.80698413,157.1840318,828.4364174,2419.02627,1686.723062,,,,,,,,,,,,,,,,,,
2020/11/25,1.715790043,23.32734127,147.2290107,889.7792451,2299.616801,1342.093321,,,,,,,,,,,,,,,,,,
2020/11/26,0.450238096,5.715119046,113.2441811,780.7543413,1957.538611,1111.641024,,,,,,,,,,,,,,,,,,
2020/11/27,0.325753967,8.1075,115.673698,774.0277064,2289.739921,1476.111602,,,,,,,,,,,,,,,,,,
2020/11/28,0.635000001,13.4275,121.5559087,780.1899042,2028.818,807.4759405,,,,,,,,,,,,,,,,,,
2020/11/29,0.706071429,13.05373016,118.3276368,779.9690635,2247.532762,1344.811167,,,,,,,,,,,,,,,,,,
2020/11/30,2.366471863,44.37916667,146.205296,816.5123889,2499.857024,1756.403532,,,,,,,,,,,,,,,,,,
2020/12/1,47.50859677,45.31639249,182.2391967,920.3244518,2455.026498,1557.188941,,,,,,,,,,,,,,,,,,
2020/12/2,4.758056034,78.45338167,166.000637,882.9523031,2297.638431,1329.270103,,,,,,,,,,,,,,,,,,
2020/12/3,10.3470327,57.8518981,156.5381065,851.0371992,2420.020795,1535.401086,,,,,,,,,,,,,,,,,,
2020/12/4,3.424441213,28.62860029,150.259095,882.3133433,1958.092266,1483.302441,,,,,,,,,,,,,,,,,,
2020/12/5,2.917256812,15.34039683,136.8525518,796.0428711,86.48774561,31.95495799,,,,,,,,,,,,,,,,,,
2020/12/6,2.85289377,13.43539683,126.7669444,801.5798602,640.6460862,131.4248107,,,,,,,,,,,,,,,,,,
2020/12/7,2.517288876,11.77572511,141.5075806,858.4400744,77.40494333,14.58304293,,,,,,,,,,,,,,,,,,
2020/12/8,7.594950799,25.92472944,148.8983006,830.5977442,287.7299057,265.4069123,,,,,,,,,,,,,,,,,,
2020/12/9,3.030546162,45.58527778,143.3031469,830.5845369,152.6298057,114.5355432,,,,,,,,,,,,,,,,,,
2020/12/10,4.437211969,51.78966667,152.2293703,803.2147544,63.21673662,34.33351641,,,,,,,,,,,,,,,,,,
2020/12/11,6.966866922,55.39416667,157.5793134,848.5556553,868.4513801,167.5292761,,,,,,,,,,,,,,,,,,
2020/12/12,5.162906279,26.4406746,135.2348206,795.5703734,637.8762489,98.89556543,,,,,,,,,,,,,,,,,,
2020/12/13,5.020210208,15.65968254,131.5943193,782.9644408,1164.672062,175.0195143,,,,,,,,,,,,,,,,,,
2020/12/14,6.221321011,24.63880953,139.557009,808.0281911,1626.151626,973.9259922,,,,,,,,,,,,,,,,,,
2020/12/15,8.853408129,54.8797619,184.5044698,1027.55116,2297.850241,1739.446715,,,,,,,,,,,,,,,,,,
2020/12/16,119.4781519,87.00694767,262.6912736,950.6265345,2578.04649,1924.640404,,,,,,,,,,,,,,,,,,
2020/12/17,120.5692227,89.61890835,268.1090879,953.5020078,2544.944643,1887.863513,,,,,,,,,,,,,,,,,,
2020/12/18,98.00343008,103.472442,262.8162065,931.1880123,2510.169818,1926.823566,,,,,,,,,,,,,,,,,,
2020/12/19,12.80023809,243.0994087,233.8432674,740.5328968,1972.583643,1067.04311,,,,,,,,,,,,,,,,,,
2020/12/20,12.77933983,229.8109643,246.8847941,715.9892976,2272.888447,1708.457026,,,,,,,,,,,,,,,,,,
2020/12/21,10.49383478,167.9328452,243.1711117,754.0876984,2492.870036,2046.142467,,,,,,,,,,,,,,,,,,
2020/12/22,9.655764789,51.63657937,160.0030701,836.9763413,2362.602803,1870.962389,,,,,,,,,,,,,,,,,,
2020/12/23,10.05951299,32.47269842,131.1233333,763.6859802,1939.093362,1456.900117,,,,,,,,,,,,,,,,,,
2020/12/24,10.22146825,14.11126984,120.7119993,735.7273016,2037.988448,1682.299807,,,,,,,,,,,,,,,,,,
2020/12/25,9.814270729,15.80988095,126.3694677,734.8938788,2428.3653,1968.115867,,,,,,,,,,,,,,,,,,
2020/12/26,9.481421913,15.84730159,123.4898295,773.9103038,1712.162214,815.0323348,,,,,,,,,,,,,,,,,,
2020/12/27,9.085222557,16.6890873,118.6047077,728.1545059,2364.856889,1887.773078,,,,,,,,,,,,,,,,,,
2020/12/28,9.026321182,19.92928572,127.3039879,769.0092371,1475.707159,978.3703629,,,,,,,,,,,,,,,,,,
2020/12/29,9.811024252,16.87607143,127.7752036,738.4047486,2515.118211,2118.328514,,,,,,,,,,,,,,,,,,
2020/12/30,9.207698411,14.1361508,121.1023126,773.05741,2480.549212,2073.699531,,,,,,,,,,,,,,,,,,
2020/12/31,9.38468795,15.53392857,116.36946,737.526867,2341.072296,1887.100863,,,,,,,,,,,,,,,,,,
2021/1/1,0.107692308,0.371428571,1,7.373333333,29.84388889,23.78894737,,,,,,,,,,,,,,,,,,
